2025-05-14 16:02:36 - AJAX Save QR Started
POST Data Keys: Array
(
    [0] => id
    [1] => name
    [2] => entry_domain
    [3] => landing_domain
    [4] => jump_time
    [5] => show_safe
    [6] => threshold_type
    [7] => jump_url
    [8] => threshold
    [9] => image_url
    [10] => remarks
)

处理参数: id=10
处理后基本参数: name=BMW, entry_domain=hm.doro.org.cn
跳转URL数量: 1
图片数据数量: 1
图片[0]类型: Base64, 长度: 57483字节
开始事务处理
更新模式: ID=10
域名是否变更: 是 (原入口域名: q9q8l.hm.doro.org.cn, 新入口域名: hm.doro.org.cn, 原落地域名: 98q0vn.hm.doro.org.cn, 新落地域名: hm.doro.org.cn)
执行SQL: UPDATE dwz_qrcode SET 
                            name = 'BMW',
                            entry_domain = 'hm.doro.org.cn',
                            landing_domain = 'hm.doro.org.cn',
                            jump_time = '0',
                            show_safe = '1',
                            threshold_type = '1',
                            infinite_loop = '0',
                            remarks = '',
                            updatetime = '2025-05-14 16:02:36'
                            WHERE id = '10' AND uid = '10001'
执行SQL: DELETE FROM dwz_qrcode_data WHERE qid = '10'
域名已变更，重新生成二维码
域名添加前缀: http://hm.doro.org.cn/b4s4jyX&/48068565
更新模式生成二维码，内容为: http://hm.doro.org.cn/b4s4jyX&/48068565
开始处理跳转链接数据，数量: 1
处理第0个链接: https://www.baidu.com/?tn=68018901_16_pg
图片[0]长度: 57483字节
执行插入跳转URL SQL (不显示完整SQL以避免日志过大)
提交事务
保存成功，返回ID: 10
2025-05-14 18:16:38 - AJAX Save QR Started
POST Data Keys: Array
(
    [0] => id
    [1] => name
    [2] => entry_domain
    [3] => landing_domain
    [4] => jump_time
    [5] => show_safe
    [6] => threshold_type
    [7] => jump_url
    [8] => threshold
    [9] => image_url
    [10] => remarks
)

处理参数: id=10
处理后基本参数: name=BMW, entry_domain=hm.doro.org.cn
跳转URL数量: 1
图片数据数量: 1
图片[0]类型: Base64, 长度: 14723字节
开始事务处理
更新模式: ID=10
域名是否变更: 否 (原入口域名: hm.doro.org.cn, 新入口域名: hm.doro.org.cn, 原落地域名: hm.doro.org.cn, 新落地域名: hm.doro.org.cn)
执行SQL: UPDATE dwz_qrcode SET 
                            name = 'BMW',
                            entry_domain = 'hm.doro.org.cn',
                            landing_domain = 'hm.doro.org.cn',
                            jump_time = '0',
                            show_safe = '1',
                            threshold_type = '1',
                            infinite_loop = '0',
                            remarks = '',
                            updatetime = '2025-05-14 18:16:38'
                            WHERE id = '10' AND uid = '10001'
执行SQL: DELETE FROM dwz_qrcode_data WHERE qid = '10'
域名未变更，保留原有二维码
开始处理跳转链接数据，数量: 1
处理第0个链接: https://www.baidu.com/?tn=68018901_16_pg
图片[0]长度: 14723字节
执行插入跳转URL SQL (不显示完整SQL以避免日志过大)
提交事务
保存成功，返回ID: 10
2025-05-14 18:17:00 - AJAX Save QR Started
POST Data Keys: Array
(
    [0] => id
    [1] => name
    [2] => entry_domain
    [3] => landing_domain
    [4] => jump_time
    [5] => show_safe
    [6] => threshold_type
    [7] => jump_url
    [8] => threshold
    [9] => image_url
    [10] => remarks
    [11] => qr_code
    [12] => original_entry_domain
    [13] => original_landing_domain
    [14] => full_entry_domain
    [15] => full_landing_domain
)

处理参数: id=0
处理后基本参数: name=ccss, entry_domain=paj9vdc7.hm.doro.org.cn
跳转URL数量: 1
图片数据数量: 1
图片[0]类型: Base64, 长度: 14723字节
开始事务处理
新增模式
使用前端提供的标识符: GFPNMgin/78457107
执行SQL: INSERT INTO dwz_qrcode (uid, name, code, entry_domain, landing_domain, jump_time, show_safe, 
                            threshold_type, infinite_loop, remarks, addtime, updatetime, state, wechat_status) 
                            VALUES ('10001', 'ccss', 'GFPNMgin/78457107', 'paj9vdc7.hm.doro.org.cn', 'kmzwl.hm.doro.org.cn', '0', 
                            '1', '1', '0', '', '2025-05-14 18:17:00', '2025-05-14 18:17:00', 1, 1)
最终获取新插入ID: 11
生成随机二级域名: 7ado51a
域名已有二级域名，添加前缀: http://paj9vdc7.hm.doro.org.cn/qr/11
使用前端提供的完整URL生成二维码: http://paj9vdc7.hm.doro.org.cn/qr/11
开始处理跳转链接数据，数量: 1
处理第0个链接: http://www.baidu.com
图片[0]长度: 14723字节
执行插入跳转URL SQL (不显示完整SQL以避免日志过大)
提交事务
保存成功，返回ID: 11
2025-05-14 18:17:40 - AJAX Save QR Started
POST Data Keys: Array
(
    [0] => id
    [1] => name
    [2] => entry_domain
    [3] => landing_domain
    [4] => jump_time
    [5] => show_safe
    [6] => threshold_type
    [7] => jump_url
    [8] => threshold
    [9] => image_url
    [10] => remarks
)

处理参数: id=11
处理后基本参数: name=ccss, entry_domain=hm.doro.org.cn
跳转URL数量: 1
图片数据数量: 1
图片[0]类型: Base64, 长度: 1834字节
开始事务处理
更新模式: ID=11
域名是否变更: 是 (原入口域名: paj9vdc7.hm.doro.org.cn, 新入口域名: hm.doro.org.cn, 原落地域名: kmzwl.hm.doro.org.cn, 新落地域名: hm.doro.org.cn)
执行SQL: UPDATE dwz_qrcode SET 
                            name = 'ccss',
                            entry_domain = 'hm.doro.org.cn',
                            landing_domain = 'hm.doro.org.cn',
                            jump_time = '0',
                            show_safe = '1',
                            threshold_type = '1',
                            infinite_loop = '0',
                            remarks = '',
                            updatetime = '2025-05-14 18:17:40'
                            WHERE id = '11' AND uid = '10001'
执行SQL: DELETE FROM dwz_qrcode_data WHERE qid = '11'
域名已变更，重新生成二维码
域名添加前缀: http://hm.doro.org.cn/GFPNMgin/78457107
更新模式生成二维码，内容为: http://hm.doro.org.cn/GFPNMgin/78457107
开始处理跳转链接数据，数量: 1
处理第0个链接: http://rtszm.hm.doro.org.cn/qr/3
图片[0]长度: 1834字节
执行插入跳转URL SQL (不显示完整SQL以避免日志过大)
提交事务
保存成功，返回ID: 11
2025-05-14 18:27:01 - AJAX Save QR Started
POST Data Keys: Array
(
    [0] => id
    [1] => name
    [2] => entry_domain
    [3] => landing_domain
    [4] => jump_time
    [5] => show_safe
    [6] => threshold_type
    [7] => jump_url
    [8] => threshold
    [9] => image_url
    [10] => remarks
    [11] => original_entry_domain
    [12] => original_landing_domain
    [13] => keep_original_entry
    [14] => keep_original_landing
)

处理参数: id=11
处理后基本参数: name=ccss, entry_domain=hm.doro.org.cn
跳转URL数量: 1
图片数据数量: 1
图片[0]类型: Base64, 长度: 1834字节
开始事务处理
更新模式: ID=11
原始入口域名: hm.doro.org.cn, 提交的入口域名: hm.doro.org.cn
原始落地域名: hm.doro.org.cn, 提交的落地域名: hm.doro.org.cn
保留原始入口域名: hm.doro.org.cn
保留原始落地域名: hm.doro.org.cn
域名是否变更: 否 (原入口域名: hm.doro.org.cn, 新入口域名: hm.doro.org.cn, 原落地域名: hm.doro.org.cn, 新落地域名: hm.doro.org.cn)
执行SQL: UPDATE dwz_qrcode SET 
                            name = 'ccss',
                            entry_domain = 'hm.doro.org.cn',
                            landing_domain = 'hm.doro.org.cn',
                            jump_time = '0',
                            show_safe = '1',
                            threshold_type = '1',
                            infinite_loop = '0',
                            remarks = '',
                            updatetime = '2025-05-14 18:27:01'
                            WHERE id = '11' AND uid = '10001'
执行SQL: DELETE FROM dwz_qrcode_data WHERE qid = '11'
域名未变更，保留原有二维码
开始处理跳转链接数据，数量: 1
处理第0个链接: http://rtszm.hm.doro.org.cn/qr/3
图片[0]长度: 1834字节
执行插入跳转URL SQL (不显示完整SQL以避免日志过大)
提交事务
保存成功，返回ID: 11
2025-05-14 18:27:16 - AJAX Save QR Started
POST Data Keys: Array
(
    [0] => id
    [1] => name
    [2] => entry_domain
    [3] => landing_domain
    [4] => jump_time
    [5] => show_safe
    [6] => threshold_type
    [7] => jump_url
    [8] => threshold
    [9] => image_url
    [10] => remarks
    [11] => qr_code
    [12] => original_entry_domain
    [13] => original_landing_domain
    [14] => full_entry_domain
    [15] => full_landing_domain
)

处理参数: id=0
处理后基本参数: name=BMW1, entry_domain=wogr1.hm.doro.org.cn
跳转URL数量: 1
图片数据数量: 1
图片[0]类型: Base64, 长度: 1834字节
开始事务处理
新增模式
使用前端提供的标识符: -3@gYn@W/58028182
执行SQL: INSERT INTO dwz_qrcode (uid, name, code, entry_domain, landing_domain, jump_time, show_safe, 
                            threshold_type, infinite_loop, remarks, addtime, updatetime, state, wechat_status) 
                            VALUES ('10001', 'BMW1', '-3@gYn@W/58028182', 'wogr1.hm.doro.org.cn', 'sz43sj.hm.doro.org.cn', '0', 
                            '1', '1', '0', '', '2025-05-14 18:27:16', '2025-05-14 18:27:16', 1, 1)
最终获取新插入ID: 12
生成随机二级域名: g7cug3
域名已有二级域名，添加前缀: http://wogr1.hm.doro.org.cn/qr/12
使用前端提供的完整URL生成二维码: http://wogr1.hm.doro.org.cn/qr/12
开始处理跳转链接数据，数量: 1
处理第0个链接: http://rtszm.hm.doro.org.cn/qr/3
图片[0]长度: 1834字节
执行插入跳转URL SQL (不显示完整SQL以避免日志过大)
提交事务
保存成功，返回ID: 12
2025-05-14 18:27:30 - AJAX Save QR Started
POST Data Keys: Array
(
    [0] => id
    [1] => name
    [2] => entry_domain
    [3] => landing_domain
    [4] => jump_time
    [5] => show_safe
    [6] => threshold_type
    [7] => jump_url
    [8] => threshold
    [9] => image_url
    [10] => remarks
    [11] => original_entry_domain
    [12] => original_landing_domain
    [13] => keep_original_entry
    [14] => keep_original_landing
)

处理参数: id=12
处理后基本参数: name=BMW1, entry_domain=wogr1.hm.doro.org.cn
跳转URL数量: 1
图片数据数量: 1
图片[0]类型: Base64, 长度: 14723字节
开始事务处理
更新模式: ID=12
原始入口域名: wogr1.hm.doro.org.cn, 提交的入口域名: wogr1.hm.doro.org.cn
原始落地域名: sz43sj.hm.doro.org.cn, 提交的落地域名: sz43sj.hm.doro.org.cn
保留原始入口域名: wogr1.hm.doro.org.cn
保留原始落地域名: sz43sj.hm.doro.org.cn
域名是否变更: 否 (原入口域名: wogr1.hm.doro.org.cn, 新入口域名: wogr1.hm.doro.org.cn, 原落地域名: sz43sj.hm.doro.org.cn, 新落地域名: sz43sj.hm.doro.org.cn)
执行SQL: UPDATE dwz_qrcode SET 
                            name = 'BMW1',
                            entry_domain = 'wogr1.hm.doro.org.cn',
                            landing_domain = 'sz43sj.hm.doro.org.cn',
                            jump_time = '0',
                            show_safe = '1',
                            threshold_type = '1',
                            infinite_loop = '0',
                            remarks = '',
                            updatetime = '2025-05-14 18:27:30'
                            WHERE id = '12' AND uid = '10001'
执行SQL: DELETE FROM dwz_qrcode_data WHERE qid = '12'
域名未变更，保留原有二维码
开始处理跳转链接数据，数量: 1
处理第0个链接: http://rtszm.hm.doro.org.cn/qr/3
图片[0]长度: 14723字节
执行插入跳转URL SQL (不显示完整SQL以避免日志过大)
提交事务
保存成功，返回ID: 12
2025-05-18 08:22:12 - 获取活码信息 ID: 10\n找到活码: Array
(
    [id] => 10
    [uid] => 10001
    [name] => BMW
    [code] => b4s4jyX&/48068565
    [entry_domain] => hm.doro.org.cn
    [landing_domain] => hm.doro.org.cn
    [jump_time] => 0
    [show_safe] => 1
    [threshold_type] => 1
    [infinite_loop] => 0
    [qr_url] => qrcode/10.png
    [wechat_status] => 1
    [state] => 1
    [views] => 52
    [ip_count] => 7
    [stealth_jump_enabled] => 0
    [stealth_jump_count] => 3
    [stealth_jump_frequency] => 2
    [stealth_jump_url] => https://www.2345.com/?ksanat
    [addtime] => 2025-05-14 03:41:21
    [updatetime] => 2025-05-14 18:16:38
    [remarks] => 
)
\n域名信息: 入口域名=hm.doro.org.cn, 主域名=hm.doro.org.cn, 落地域名=hm.doro.org.cn, 主域名=hm.doro.org.cn\n返回数据: Array
(
    [id] => 10
    [name] => BMW
    [code] => b4s4jyX&/48068565
    [entry_domain] => hm.doro.org.cn
    [landing_domain] => hm.doro.org.cn
    [jump_time] => 0
    [show_safe] => 1
    [threshold_type] => 
    [infinite_loop] => 0
    [remarks] => 
    [items] => Array
        (
        )

)
\n2025-05-18 08:22:16 - 获取活码信息 ID: 10\n找到活码: Array
(
    [id] => 10
    [uid] => 10001
    [name] => BMW
    [code] => b4s4jyX&/48068565
    [entry_domain] => hm.doro.org.cn
    [landing_domain] => hm.doro.org.cn
    [jump_time] => 0
    [show_safe] => 1
    [threshold_type] => 1
    [infinite_loop] => 0
    [qr_url] => qrcode/10.png
    [wechat_status] => 1
    [state] => 1
    [views] => 52
    [ip_count] => 7
    [stealth_jump_enabled] => 0
    [stealth_jump_count] => 3
    [stealth_jump_frequency] => 2
    [stealth_jump_url] => https://www.2345.com/?ksanat
    [addtime] => 2025-05-14 03:41:21
    [updatetime] => 2025-05-14 18:16:38
    [remarks] => 
)
\n域名信息: 入口域名=hm.doro.org.cn, 主域名=hm.doro.org.cn, 落地域名=hm.doro.org.cn, 主域名=hm.doro.org.cn\n返回数据: Array
(
    [id] => 10
    [name] => BMW
    [code] => b4s4jyX&/48068565
    [entry_domain] => hm.doro.org.cn
    [landing_domain] => hm.doro.org.cn
    [jump_time] => 0
    [show_safe] => 1
    [threshold_type] => 
    [infinite_loop] => 0
    [remarks] => 
    [items] => Array
        (
        )

)
\n2025-05-18 08:22:22 - 获取活码信息 ID: 10\n找到活码: Array
(
    [id] => 10
    [uid] => 10001
    [name] => BMW
    [code] => b4s4jyX&/48068565
    [entry_domain] => hm.doro.org.cn
    [landing_domain] => hm.doro.org.cn
    [jump_time] => 0
    [show_safe] => 1
    [threshold_type] => 1
    [infinite_loop] => 0
    [qr_url] => qrcode/10.png
    [wechat_status] => 1
    [state] => 1
    [views] => 52
    [ip_count] => 7
    [stealth_jump_enabled] => 0
    [stealth_jump_count] => 3
    [stealth_jump_frequency] => 2
    [stealth_jump_url] => https://www.2345.com/?ksanat
    [addtime] => 2025-05-14 03:41:21
    [updatetime] => 2025-05-14 18:16:38
    [remarks] => 
)
\n域名信息: 入口域名=hm.doro.org.cn, 主域名=hm.doro.org.cn, 落地域名=hm.doro.org.cn, 主域名=hm.doro.org.cn\n返回数据: Array
(
    [id] => 10
    [name] => BMW
    [code] => b4s4jyX&/48068565
    [entry_domain] => hm.doro.org.cn
    [landing_domain] => hm.doro.org.cn
    [jump_time] => 0
    [show_safe] => 1
    [threshold_type] => 
    [infinite_loop] => 0
    [remarks] => 
    [items] => Array
        (
        )

)
\n2025-05-18 08:23:02 - 获取活码信息 ID: 10\n找到活码: Array
(
    [id] => 10
    [uid] => 10001
    [name] => BMW
    [code] => b4s4jyX&/48068565
    [entry_domain] => hm.doro.org.cn
    [landing_domain] => hm.doro.org.cn
    [jump_time] => 0
    [show_safe] => 1
    [threshold_type] => 1
    [infinite_loop] => 0
    [qr_url] => qrcode/10.png
    [wechat_status] => 1
    [state] => 1
    [views] => 52
    [ip_count] => 7
    [stealth_jump_enabled] => 0
    [stealth_jump_count] => 3
    [stealth_jump_frequency] => 2
    [stealth_jump_url] => https://www.2345.com/?ksanat
    [addtime] => 2025-05-14 03:41:21
    [updatetime] => 2025-05-14 18:16:38
    [remarks] => 
)
\n域名信息: 入口域名=hm.doro.org.cn, 主域名=hm.doro.org.cn, 落地域名=hm.doro.org.cn, 主域名=hm.doro.org.cn\n返回数据: Array
(
    [id] => 10
    [name] => BMW
    [code] => b4s4jyX&/48068565
    [entry_domain] => hm.doro.org.cn
    [landing_domain] => hm.doro.org.cn
    [jump_time] => 0
    [show_safe] => 1
    [threshold_type] => 
    [infinite_loop] => 0
    [remarks] => 
    [items] => Array
        (
        )

)
\n2025-05-18 08:23:07 - 获取活码信息 ID: 10\n找到活码: Array
(
    [id] => 10
    [uid] => 10001
    [name] => BMW
    [code] => b4s4jyX&/48068565
    [entry_domain] => hm.doro.org.cn
    [landing_domain] => hm.doro.org.cn
    [jump_time] => 0
    [show_safe] => 1
    [threshold_type] => 1
    [infinite_loop] => 0
    [qr_url] => qrcode/10.png
    [wechat_status] => 1
    [state] => 1
    [views] => 52
    [ip_count] => 7
    [stealth_jump_enabled] => 0
    [stealth_jump_count] => 3
    [stealth_jump_frequency] => 2
    [stealth_jump_url] => https://www.2345.com/?ksanat
    [addtime] => 2025-05-14 03:41:21
    [updatetime] => 2025-05-14 18:16:38
    [remarks] => 
)
\n域名信息: 入口域名=hm.doro.org.cn, 主域名=hm.doro.org.cn, 落地域名=hm.doro.org.cn, 主域名=hm.doro.org.cn\n返回数据: Array
(
    [id] => 10
    [name] => BMW
    [code] => b4s4jyX&/48068565
    [entry_domain] => hm.doro.org.cn
    [landing_domain] => hm.doro.org.cn
    [jump_time] => 0
    [show_safe] => 1
    [threshold_type] => 
    [infinite_loop] => 0
    [remarks] => 
    [items] => Array
        (
        )

)
\n2025-05-18 08:24:14 - 获取活码信息 ID: 10\n找到活码: Array
(
    [id] => 10
    [uid] => 10001
    [name] => BMW
    [code] => b4s4jyX&/48068565
    [entry_domain] => hm.doro.org.cn
    [landing_domain] => hm.doro.org.cn
    [jump_time] => 0
    [show_safe] => 1
    [threshold_type] => 1
    [infinite_loop] => 0
    [qr_url] => qrcode/10.png
    [wechat_status] => 1
    [state] => 1
    [views] => 52
    [ip_count] => 7
    [stealth_jump_enabled] => 0
    [stealth_jump_count] => 3
    [stealth_jump_frequency] => 2
    [stealth_jump_url] => https://www.2345.com/?ksanat
    [addtime] => 2025-05-14 03:41:21
    [updatetime] => 2025-05-14 18:16:38
    [remarks] => 
)
\n域名信息: 入口域名=hm.doro.org.cn, 主域名=hm.doro.org.cn, 落地域名=hm.doro.org.cn, 主域名=hm.doro.org.cn\n返回数据: Array
(
    [id] => 10
    [name] => BMW
    [code] => b4s4jyX&/48068565
    [entry_domain] => hm.doro.org.cn
    [landing_domain] => hm.doro.org.cn
    [jump_time] => 0
    [show_safe] => 1
    [threshold_type] => 
    [infinite_loop] => 0
    [remarks] => 
    [items] => Array
        (
        )

)
\n2025-05-18 08:24:41 - 获取活码信息 ID: 10\n找到活码: Array
(
    [id] => 10
    [uid] => 10001
    [name] => BMW
    [code] => b4s4jyX&/48068565
    [entry_domain] => hm.doro.org.cn
    [landing_domain] => hm.doro.org.cn
    [jump_time] => 0
    [show_safe] => 1
    [threshold_type] => 1
    [infinite_loop] => 0
    [qr_url] => qrcode/10.png
    [wechat_status] => 1
    [state] => 1
    [views] => 52
    [ip_count] => 7
    [stealth_jump_enabled] => 0
    [stealth_jump_count] => 3
    [stealth_jump_frequency] => 2
    [stealth_jump_url] => https://www.2345.com/?ksanat
    [addtime] => 2025-05-14 03:41:21
    [updatetime] => 2025-05-14 18:16:38
    [remarks] => 
)
\n域名信息: 入口域名=hm.doro.org.cn, 主域名=hm.doro.org.cn, 落地域名=hm.doro.org.cn, 主域名=hm.doro.org.cn\n返回数据: Array
(
    [id] => 10
    [name] => BMW
    [code] => b4s4jyX&/48068565
    [entry_domain] => hm.doro.org.cn
    [landing_domain] => hm.doro.org.cn
    [jump_time] => 0
    [show_safe] => 1
    [threshold_type] => 
    [infinite_loop] => 0
    [remarks] => 
    [items] => Array
        (
        )

)
\n2025-05-18 08:24:44 - 获取活码信息 ID: 10\n找到活码: Array
(
    [id] => 10
    [uid] => 10001
    [name] => BMW
    [code] => b4s4jyX&/48068565
    [entry_domain] => hm.doro.org.cn
    [landing_domain] => hm.doro.org.cn
    [jump_time] => 0
    [show_safe] => 1
    [threshold_type] => 1
    [infinite_loop] => 0
    [qr_url] => qrcode/10.png
    [wechat_status] => 1
    [state] => 1
    [views] => 52
    [ip_count] => 7
    [stealth_jump_enabled] => 0
    [stealth_jump_count] => 3
    [stealth_jump_frequency] => 2
    [stealth_jump_url] => https://www.2345.com/?ksanat
    [addtime] => 2025-05-14 03:41:21
    [updatetime] => 2025-05-14 18:16:38
    [remarks] => 
)
\n域名信息: 入口域名=hm.doro.org.cn, 主域名=hm.doro.org.cn, 落地域名=hm.doro.org.cn, 主域名=hm.doro.org.cn\n返回数据: Array
(
    [id] => 10
    [name] => BMW
    [code] => b4s4jyX&/48068565
    [entry_domain] => hm.doro.org.cn
    [landing_domain] => hm.doro.org.cn
    [jump_time] => 0
    [show_safe] => 1
    [threshold_type] => 
    [infinite_loop] => 0
    [remarks] => 
    [items] => Array
        (
        )

)
\n2025-05-18 08:24:54 - 获取活码信息 ID: 10\n找到活码: Array
(
    [id] => 10
    [uid] => 10001
    [name] => BMW
    [code] => b4s4jyX&/48068565
    [entry_domain] => hm.doro.org.cn
    [landing_domain] => hm.doro.org.cn
    [jump_time] => 0
    [show_safe] => 1
    [threshold_type] => 1
    [infinite_loop] => 0
    [qr_url] => qrcode/10.png
    [wechat_status] => 1
    [state] => 1
    [views] => 52
    [ip_count] => 7
    [stealth_jump_enabled] => 0
    [stealth_jump_count] => 3
    [stealth_jump_frequency] => 2
    [stealth_jump_url] => https://www.2345.com/?ksanat
    [addtime] => 2025-05-14 03:41:21
    [updatetime] => 2025-05-14 18:16:38
    [remarks] => 
)
\n域名信息: 入口域名=hm.doro.org.cn, 主域名=hm.doro.org.cn, 落地域名=hm.doro.org.cn, 主域名=hm.doro.org.cn\n返回数据: Array
(
    [id] => 10
    [name] => BMW
    [code] => b4s4jyX&/48068565
    [entry_domain] => hm.doro.org.cn
    [landing_domain] => hm.doro.org.cn
    [jump_time] => 0
    [show_safe] => 1
    [threshold_type] => 
    [infinite_loop] => 0
    [remarks] => 
    [items] => Array
        (
        )

)
\n2025-05-18 08:25:05 - 获取活码信息 ID: 10\n找到活码: Array
(
    [id] => 10
    [uid] => 10001
    [name] => BMW
    [code] => b4s4jyX&/48068565
    [entry_domain] => hm.doro.org.cn
    [landing_domain] => hm.doro.org.cn
    [jump_time] => 0
    [show_safe] => 1
    [threshold_type] => 1
    [infinite_loop] => 0
    [qr_url] => qrcode/10.png
    [wechat_status] => 1
    [state] => 1
    [views] => 52
    [ip_count] => 7
    [stealth_jump_enabled] => 0
    [stealth_jump_count] => 3
    [stealth_jump_frequency] => 2
    [stealth_jump_url] => https://www.2345.com/?ksanat
    [addtime] => 2025-05-14 03:41:21
    [updatetime] => 2025-05-14 18:16:38
    [remarks] => 
)
\n域名信息: 入口域名=hm.doro.org.cn, 主域名=hm.doro.org.cn, 落地域名=hm.doro.org.cn, 主域名=hm.doro.org.cn\n返回数据: Array
(
    [id] => 10
    [name] => BMW
    [code] => b4s4jyX&/48068565
    [entry_domain] => hm.doro.org.cn
    [landing_domain] => hm.doro.org.cn
    [jump_time] => 0
    [show_safe] => 1
    [threshold_type] => 
    [infinite_loop] => 0
    [remarks] => 
    [items] => Array
        (
        )

)
\n2025-05-18 08:25:10 - 获取活码信息 ID: 10\n找到活码: Array
(
    [id] => 10
    [uid] => 10001
    [name] => BMW
    [code] => b4s4jyX&/48068565
    [entry_domain] => hm.doro.org.cn
    [landing_domain] => hm.doro.org.cn
    [jump_time] => 0
    [show_safe] => 1
    [threshold_type] => 1
    [infinite_loop] => 0
    [qr_url] => qrcode/10.png
    [wechat_status] => 1
    [state] => 1
    [views] => 52
    [ip_count] => 7
    [stealth_jump_enabled] => 0
    [stealth_jump_count] => 3
    [stealth_jump_frequency] => 2
    [stealth_jump_url] => https://www.2345.com/?ksanat
    [addtime] => 2025-05-14 03:41:21
    [updatetime] => 2025-05-14 18:16:38
    [remarks] => 
)
\n域名信息: 入口域名=hm.doro.org.cn, 主域名=hm.doro.org.cn, 落地域名=hm.doro.org.cn, 主域名=hm.doro.org.cn\n返回数据: Array
(
    [id] => 10
    [name] => BMW
    [code] => b4s4jyX&/48068565
    [entry_domain] => hm.doro.org.cn
    [landing_domain] => hm.doro.org.cn
    [jump_time] => 0
    [show_safe] => 1
    [threshold_type] => 
    [infinite_loop] => 0
    [remarks] => 
    [items] => Array
        (
        )

)
\n2025-05-18 08:25:20 - 获取活码信息 ID: 10\n找到活码: Array
(
    [id] => 10
    [uid] => 10001
    [name] => BMW
    [code] => b4s4jyX&/48068565
    [entry_domain] => hm.doro.org.cn
    [landing_domain] => hm.doro.org.cn
    [jump_time] => 0
    [show_safe] => 1
    [threshold_type] => 1
    [infinite_loop] => 0
    [qr_url] => qrcode/10.png
    [wechat_status] => 1
    [state] => 1
    [views] => 52
    [ip_count] => 7
    [stealth_jump_enabled] => 0
    [stealth_jump_count] => 3
    [stealth_jump_frequency] => 2
    [stealth_jump_url] => https://www.2345.com/?ksanat
    [addtime] => 2025-05-14 03:41:21
    [updatetime] => 2025-05-14 18:16:38
    [remarks] => 
)
\n域名信息: 入口域名=hm.doro.org.cn, 主域名=hm.doro.org.cn, 落地域名=hm.doro.org.cn, 主域名=hm.doro.org.cn\n返回数据: Array
(
    [id] => 10
    [name] => BMW
    [code] => b4s4jyX&/48068565
    [entry_domain] => hm.doro.org.cn
    [landing_domain] => hm.doro.org.cn
    [jump_time] => 0
    [show_safe] => 1
    [threshold_type] => 
    [infinite_loop] => 0
    [remarks] => 
    [items] => Array
        (
        )

)
\n2025-05-18 08:27:29 - 获取活码信息 ID: 10\n找到活码: Array
(
    [id] => 10
    [uid] => 10001
    [name] => BMW
    [code] => b4s4jyX&/48068565
    [entry_domain] => hm.doro.org.cn
    [landing_domain] => hm.doro.org.cn
    [jump_time] => 0
    [show_safe] => 1
    [threshold_type] => 1
    [infinite_loop] => 0
    [qr_url] => qrcode/10.png
    [wechat_status] => 1
    [state] => 1
    [views] => 52
    [ip_count] => 7
    [stealth_jump_enabled] => 0
    [stealth_jump_count] => 3
    [stealth_jump_frequency] => 2
    [stealth_jump_url] => https://www.2345.com/?ksanat
    [addtime] => 2025-05-14 03:41:21
    [updatetime] => 2025-05-14 18:16:38
    [remarks] => 
)
\n域名信息: 入口域名=hm.doro.org.cn, 主域名=hm.doro.org.cn, 落地域名=hm.doro.org.cn, 主域名=hm.doro.org.cn\n返回数据: Array
(
    [id] => 10
    [name] => BMW
    [code] => b4s4jyX&/48068565
    [entry_domain] => hm.doro.org.cn
    [landing_domain] => hm.doro.org.cn
    [jump_time] => 0
    [show_safe] => 1
    [threshold_type] => 
    [infinite_loop] => 0
    [remarks] => 
    [items] => Array
        (
        )

)
\n2025-05-18 08:27:36 - 获取活码信息 ID: 10\n找到活码: Array
(
    [id] => 10
    [uid] => 10001
    [name] => BMW
    [code] => b4s4jyX&/48068565
    [entry_domain] => hm.doro.org.cn
    [landing_domain] => hm.doro.org.cn
    [jump_time] => 0
    [show_safe] => 1
    [threshold_type] => 1
    [infinite_loop] => 0
    [qr_url] => qrcode/10.png
    [wechat_status] => 1
    [state] => 1
    [views] => 52
    [ip_count] => 7
    [stealth_jump_enabled] => 0
    [stealth_jump_count] => 3
    [stealth_jump_frequency] => 2
    [stealth_jump_url] => https://www.2345.com/?ksanat
    [addtime] => 2025-05-14 03:41:21
    [updatetime] => 2025-05-14 18:16:38
    [remarks] => 
)
\n域名信息: 入口域名=hm.doro.org.cn, 主域名=hm.doro.org.cn, 落地域名=hm.doro.org.cn, 主域名=hm.doro.org.cn\n返回数据: Array
(
    [id] => 10
    [name] => BMW
    [code] => b4s4jyX&/48068565
    [entry_domain] => hm.doro.org.cn
    [landing_domain] => hm.doro.org.cn
    [jump_time] => 0
    [show_safe] => 1
    [threshold_type] => 
    [infinite_loop] => 0
    [remarks] => 
    [items] => Array
        (
        )

)
\n2025-05-18 08:28:13 - 获取活码信息 ID: 10\n找到活码: Array
(
    [id] => 10
    [uid] => 10001
    [name] => BMW
    [code] => b4s4jyX&/48068565
    [entry_domain] => hm.doro.org.cn
    [landing_domain] => hm.doro.org.cn
    [jump_time] => 0
    [show_safe] => 1
    [threshold_type] => 1
    [infinite_loop] => 0
    [qr_url] => qrcode/10.png
    [wechat_status] => 1
    [state] => 1
    [views] => 52
    [ip_count] => 7
    [stealth_jump_enabled] => 0
    [stealth_jump_count] => 3
    [stealth_jump_frequency] => 2
    [stealth_jump_url] => https://www.2345.com/?ksanat
    [addtime] => 2025-05-14 03:41:21
    [updatetime] => 2025-05-14 18:16:38
    [remarks] => 
)
\n域名信息: 入口域名=hm.doro.org.cn, 主域名=hm.doro.org.cn, 落地域名=hm.doro.org.cn, 主域名=hm.doro.org.cn\n返回数据: Array
(
    [id] => 10
    [name] => BMW
    [code] => b4s4jyX&/48068565
    [entry_domain] => hm.doro.org.cn
    [landing_domain] => hm.doro.org.cn
    [jump_time] => 0
    [show_safe] => 1
    [threshold_type] => 
    [infinite_loop] => 0
    [remarks] => 
    [items] => Array
        (
        )

)
\n2025-05-18 08:30:05 - 获取活码信息 ID: 10\n找到活码: Array
(
    [id] => 10
    [uid] => 10001
    [name] => BMW
    [code] => b4s4jyX&/48068565
    [entry_domain] => hm.doro.org.cn
    [landing_domain] => hm.doro.org.cn
    [jump_time] => 0
    [show_safe] => 1
    [threshold_type] => 1
    [infinite_loop] => 0
    [qr_url] => qrcode/10.png
    [wechat_status] => 1
    [state] => 1
    [views] => 52
    [ip_count] => 7
    [stealth_jump_enabled] => 0
    [stealth_jump_count] => 3
    [stealth_jump_frequency] => 2
    [stealth_jump_url] => https://www.2345.com/?ksanat
    [addtime] => 2025-05-14 03:41:21
    [updatetime] => 2025-05-14 18:16:38
    [remarks] => 
)
\n域名信息: 入口域名=hm.doro.org.cn, 主域名=hm.doro.org.cn, 落地域名=hm.doro.org.cn, 主域名=hm.doro.org.cn\n返回数据: Array
(
    [id] => 10
    [name] => BMW
    [code] => b4s4jyX&/48068565
    [entry_domain] => hm.doro.org.cn
    [landing_domain] => hm.doro.org.cn
    [jump_time] => 0
    [show_safe] => 1
    [threshold_type] => 
    [infinite_loop] => 0
    [remarks] => 
    [items] => Array
        (
        )

)
\n2025-05-18 08:31:41 - 获取活码信息 ID: 10\n找到活码: Array
(
    [id] => 10
    [uid] => 10001
    [name] => BMW
    [code] => b4s4jyX&/48068565
    [entry_domain] => hm.doro.org.cn
    [landing_domain] => hm.doro.org.cn
    [jump_time] => 0
    [show_safe] => 1
    [threshold_type] => 1
    [infinite_loop] => 0
    [qr_url] => qrcode/10.png
    [wechat_status] => 1
    [state] => 1
    [views] => 52
    [ip_count] => 7
    [stealth_jump_enabled] => 0
    [stealth_jump_count] => 3
    [stealth_jump_frequency] => 2
    [stealth_jump_url] => https://www.2345.com/?ksanat
    [addtime] => 2025-05-14 03:41:21
    [updatetime] => 2025-05-14 18:16:38
    [remarks] => 
)
\n域名信息: 入口域名=hm.doro.org.cn, 主域名=hm.doro.org.cn, 落地域名=hm.doro.org.cn, 主域名=hm.doro.org.cn\n返回数据: Array
(
    [id] => 10
    [name] => BMW
    [code] => b4s4jyX&/48068565
    [entry_domain] => hm.doro.org.cn
    [landing_domain] => hm.doro.org.cn
    [jump_time] => 0
    [show_safe] => 1
    [threshold_type] => 
    [infinite_loop] => 0
    [remarks] => 
    [items] => Array
        (
        )

)
\n2025-05-18 17:50:53 - 获取活码信息 ID: 10\n找到活码: Array
(
    [id] => 10
    [uid] => 10001
    [name] => BMW
    [code] => b4s4jyX&/48068565
    [entry_domain] => hm.doro.org.cn
    [landing_domain] => hm.doro.org.cn
    [jump_time] => 0
    [show_safe] => 1
    [threshold_type] => 1
    [infinite_loop] => 0
    [qr_url] => qrcode/10.png
    [wechat_status] => 1
    [state] => 1
    [views] => 52
    [ip_count] => 7
    [stealth_jump_enabled] => 0
    [stealth_jump_count] => 3
    [stealth_jump_frequency] => 2
    [stealth_jump_url] => https://www.2345.com/?ksanat
    [addtime] => 2025-05-14 03:41:21
    [updatetime] => 2025-05-14 18:16:38
    [remarks] => 
)
\n域名信息: 入口域名=hm.doro.org.cn, 主域名=hm.doro.org.cn, 落地域名=hm.doro.org.cn, 主域名=hm.doro.org.cn\n返回数据: Array
(
    [id] => 10
    [name] => BMW
    [code] => b4s4jyX&/48068565
    [entry_domain] => hm.doro.org.cn
    [landing_domain] => hm.doro.org.cn
    [jump_time] => 0
    [show_safe] => 1
    [threshold_type] => 
    [infinite_loop] => 0
    [remarks] => 
    [items] => Array
        (
        )

)
\n2025-05-20 20:20:10 - AJAX Save QR Started
POST Data Keys: Array
(
    [0] => id
    [1] => name
    [2] => entry_domain
    [3] => landing_domain
    [4] => jump_time
    [5] => show_safe
    [6] => threshold_type
    [7] => jump_url
    [8] => threshold
    [9] => image_url
    [10] => remarks
    [11] => qr_code
    [12] => original_entry_domain
    [13] => original_landing_domain
    [14] => full_entry_domain
    [15] => full_landing_domain
)

处理参数: id=0
处理后基本参数: name=1, entry_domain=884hk3b.hmrk1.hm.doro.org.cn
跳转URL数量: 1
图片数据数量: 1
图片[0]类型: Base64, 长度: 359983字节
开始事务处理
新增模式
使用前端提供的标识符: z&c4H2qf/03111982
执行SQL: INSERT INTO dwz_qrcode (uid, name, code, entry_domain, landing_domain, jump_time, show_safe, 
                            threshold_type, infinite_loop, remarks, addtime, updatetime, state, wechat_status) 
                            VALUES ('10001', '1', 'z&c4H2qf/03111982', '884hk3b.hmrk1.hm.doro.org.cn', 'tkxofcqq.hmld1.hm.doro.org.cn', '0', 
                            '1', '1', '0', '', '2025-05-20 20:20:10', '2025-05-20 20:20:10', 1, 1)
最终获取新插入ID: 1
生成随机二级域名: hveu3
域名已有二级域名，添加前缀: http://884hk3b.hmrk1.hm.doro.org.cn/qr/1
使用前端提供的完整URL生成二维码: http://884hk3b.hmrk1.hm.doro.org.cn/qr/1
开始处理跳转链接数据，数量: 1
处理第0个链接: https://u.wechat.com/MJ-WZXz1MC-goSX2tTa8XIA
图片[0]长度: 359983字节
执行插入跳转URL SQL (不显示完整SQL以避免日志过大)
提交事务
保存成功，返回ID: 1
2025-05-20 20:23:03 - AJAX Save QR Started
POST Data Keys: Array
(
    [0] => id
    [1] => name
    [2] => entry_domain
    [3] => landing_domain
    [4] => jump_time
    [5] => show_safe
    [6] => threshold_type
    [7] => jump_url
    [8] => threshold
    [9] => image_url
    [10] => remarks
    [11] => original_entry_domain
    [12] => original_landing_domain
    [13] => keep_original_entry
    [14] => keep_original_landing
)

处理参数: id=1
处理后基本参数: name=1, entry_domain=884hk3b.hmrk1.hm.doro.org.cn
跳转URL数量: 1
图片数据数量: 1
图片[0]类型: Base64, 长度: 65535字节
开始事务处理
更新模式: ID=1
原始入口域名: 884hk3b.hmrk1.hm.doro.org.cn, 提交的入口域名: 884hk3b.hmrk1.hm.doro.org.cn
原始落地域名: tkxofcqq.hmld1.hm.doro.org.cn, 提交的落地域名: hmld1.hm.doro.org.cn
保留原始入口域名: 884hk3b.hmrk1.hm.doro.org.cn
使用新的落地域名: hmld1.hm.doro.org.cn
域名是否变更: 是 (原入口域名: 884hk3b.hmrk1.hm.doro.org.cn, 新入口域名: 884hk3b.hmrk1.hm.doro.org.cn, 原落地域名: tkxofcqq.hmld1.hm.doro.org.cn, 新落地域名: hmld1.hm.doro.org.cn)
执行SQL: UPDATE dwz_qrcode SET 
                            name = '1',
                            entry_domain = '884hk3b.hmrk1.hm.doro.org.cn',
                            landing_domain = 'hmld1.hm.doro.org.cn',
                            jump_time = '0',
                            show_safe = '1',
                            threshold_type = '1',
                            infinite_loop = '0',
                            remarks = '',
                            updatetime = '2025-05-20 20:23:03'
                            WHERE id = '1' AND uid = '10001'
执行SQL: DELETE FROM dwz_qrcode_data WHERE qid = '1'
域名已变更，重新生成二维码
域名添加前缀: http://884hk3b.hmrk1.hm.doro.org.cn/z&c4H2qf/03111982
更新模式生成二维码，内容为: http://884hk3b.hmrk1.hm.doro.org.cn/z&c4H2qf/03111982
开始处理跳转链接数据，数量: 1
处理第0个链接: https://u.wechat.com/MJ-WZXz1MC-goSX2tTa8XIA
图片[0]长度: 65535字节
执行插入跳转URL SQL (不显示完整SQL以避免日志过大)
提交事务
保存成功，返回ID: 1
2025-05-20 20:24:40 - AJAX Save QR Started
POST Data Keys: Array
(
    [0] => id
    [1] => name
    [2] => entry_domain
    [3] => landing_domain
    [4] => jump_time
    [5] => show_safe
    [6] => threshold_type
    [7] => jump_url
    [8] => threshold
    [9] => image_url
    [10] => remarks
    [11] => original_entry_domain
    [12] => original_landing_domain
    [13] => keep_original_entry
    [14] => keep_original_landing
)

处理参数: id=1
处理后基本参数: name=1, entry_domain=884hk3b.hmrk1.hm.doro.org.cn
跳转URL数量: 1
图片数据数量: 1
开始事务处理
更新模式: ID=1
原始入口域名: 884hk3b.hmrk1.hm.doro.org.cn, 提交的入口域名: 884hk3b.hmrk1.hm.doro.org.cn
原始落地域名: hmld1.hm.doro.org.cn, 提交的落地域名: hmld1.hm.doro.org.cn
保留原始入口域名: 884hk3b.hmrk1.hm.doro.org.cn
保留原始落地域名: hmld1.hm.doro.org.cn
域名是否变更: 否 (原入口域名: 884hk3b.hmrk1.hm.doro.org.cn, 新入口域名: 884hk3b.hmrk1.hm.doro.org.cn, 原落地域名: hmld1.hm.doro.org.cn, 新落地域名: hmld1.hm.doro.org.cn)
执行SQL: UPDATE dwz_qrcode SET 
                            name = '1',
                            entry_domain = '884hk3b.hmrk1.hm.doro.org.cn',
                            landing_domain = 'hmld1.hm.doro.org.cn',
                            jump_time = '0',
                            show_safe = '1',
                            threshold_type = '1',
                            infinite_loop = '0',
                            remarks = '',
                            updatetime = '2025-05-20 20:24:40'
                            WHERE id = '1' AND uid = '10001'
执行SQL: DELETE FROM dwz_qrcode_data WHERE qid = '1'
域名未变更，保留原有二维码
开始处理跳转链接数据，数量: 1
处理第0个链接: https://www.baidu.com/?tn=68018901_16_pg
图片[0]长度: 0字节
执行插入跳转URL SQL (不显示完整SQL以避免日志过大)
提交事务
保存成功，返回ID: 1
2025-05-20 20:27:07 - AJAX Save QR Started
POST Data Keys: Array
(
    [0] => id
    [1] => name
    [2] => entry_domain
    [3] => landing_domain
    [4] => jump_time
    [5] => show_safe
    [6] => threshold_type
    [7] => jump_url
    [8] => threshold
    [9] => image_url
    [10] => remarks
    [11] => qr_code
    [12] => original_entry_domain
    [13] => original_landing_domain
    [14] => full_entry_domain
    [15] => full_landing_domain
)

处理参数: id=0
处理后基本参数: name=1, entry_domain=4af3r.*.hm.doro.org.cn
跳转URL数量: 1
图片数据数量: 1
图片[0]类型: Base64, 长度: 359983字节
开始事务处理
新增模式
使用前端提供的标识符: qnvo+El0/92215259
执行SQL: INSERT INTO dwz_qrcode (uid, name, code, entry_domain, landing_domain, jump_time, show_safe, 
                            threshold_type, infinite_loop, remarks, addtime, updatetime, state, wechat_status) 
                            VALUES ('10001', '1', 'qnvo+El0/92215259', '4af3r.*.hm.doro.org.cn', '37kc3hhn.*.hm.doro.org.cn', '0', 
                            '1', '1', '0', '', '2025-05-20 20:27:07', '2025-05-20 20:27:07', 1, 1)
最终获取新插入ID: 2
生成随机二级域名: 1rhmke2
域名已有二级域名，添加前缀: http://4af3r.*.hm.doro.org.cn/qr/2
使用前端提供的完整URL生成二维码: http://4af3r.*.hm.doro.org.cn/qr/2
开始处理跳转链接数据，数量: 1
处理第0个链接: https://u.wechat.com/MJ-WZXz1MC-goSX2tTa8XIA
图片[0]长度: 359983字节
执行插入跳转URL SQL (不显示完整SQL以避免日志过大)
提交事务
保存成功，返回ID: 2
2025-05-20 20:27:54 - AJAX Save QR Started
POST Data Keys: Array
(
    [0] => id
    [1] => name
    [2] => entry_domain
    [3] => landing_domain
    [4] => jump_time
    [5] => show_safe
    [6] => threshold_type
    [7] => jump_url
    [8] => threshold
    [9] => image_url
    [10] => remarks
    [11] => qr_code
    [12] => original_entry_domain
    [13] => original_landing_domain
    [14] => full_entry_domain
    [15] => full_landing_domain
)

处理参数: id=0
处理后基本参数: name=1231231, entry_domain=hkk69ea.hm.doro.org.cn
跳转URL数量: 1
图片数据数量: 1
图片[0]类型: Base64, 长度: 359983字节
开始事务处理
新增模式
使用前端提供的标识符: SL)&krbK/37754578
执行SQL: INSERT INTO dwz_qrcode (uid, name, code, entry_domain, landing_domain, jump_time, show_safe, 
                            threshold_type, infinite_loop, remarks, addtime, updatetime, state, wechat_status) 
                            VALUES ('10001', '1231231', 'SL)&krbK/37754578', 'hkk69ea.hm.doro.org.cn', 'rsluq.hm.doro.org.cn', '0', 
                            '1', '1', '0', '', '2025-05-20 20:27:54', '2025-05-20 20:27:54', 1, 1)
最终获取新插入ID: 3
生成随机二级域名: d17l89u7
域名已有二级域名，添加前缀: http://hkk69ea.hm.doro.org.cn/qr/3
使用前端提供的完整URL生成二维码: http://hkk69ea.hm.doro.org.cn/qr/3
开始处理跳转链接数据，数量: 1
处理第0个链接: https://u.wechat.com/MJ-WZXz1MC-goSX2tTa8XIA
图片[0]长度: 359983字节
执行插入跳转URL SQL (不显示完整SQL以避免日志过大)
提交事务
保存成功，返回ID: 3
2025-05-21 22:58:45 - AJAX Save QR Started
POST Data Keys: Array
(
    [0] => id
    [1] => name
    [2] => entry_domain
    [3] => landing_domain
    [4] => jump_time
    [5] => show_safe
    [6] => threshold_type
    [7] => remarks
    [8] => qr_code
    [9] => original_entry_domain
    [10] => original_landing_domain
    [11] => full_entry_domain
    [12] => full_landing_domain
)

处理参数: id=0
错误: 跳转地址为空
2025-05-21 22:59:16 - AJAX Save QR Started
POST Data Keys: Array
(
    [0] => id
    [1] => name
    [2] => entry_domain
    [3] => landing_domain
    [4] => jump_time
    [5] => show_safe
    [6] => threshold_type
    [7] => jump_url
    [8] => threshold
    [9] => image_url
    [10] => remarks
    [11] => qr_code
    [12] => original_entry_domain
    [13] => original_landing_domain
    [14] => full_entry_domain
    [15] => full_landing_domain
)

处理参数: id=0
处理后基本参数: name=sssss, entry_domain=n46gq.hm.doro.org.cn
跳转URL数量: 1
图片数据数量: 1
图片[0]类型: Base64, 长度: 1834字节
开始事务处理
新增模式
使用前端提供的标识符: ntytT^gs/81721398
执行SQL: INSERT INTO dwz_qrcode (uid, name, code, entry_domain, landing_domain, jump_time, show_safe, 
                            threshold_type, infinite_loop, remarks, addtime, updatetime, state, wechat_status) 
                            VALUES ('10001', 'sssss', 'ntytT^gs/81721398', 'n46gq.hm.doro.org.cn', 'zzsxq.hm.doro.org.cn', '0', 
                            '1', '1', '0', '', '2025-05-21 22:59:16', '2025-05-21 22:59:16', 1, 1)
最终获取新插入ID: 4
生成随机二级域名: 16zw3pg
域名已有二级域名，添加前缀: http://n46gq.hm.doro.org.cn/qr/4
使用前端提供的完整URL生成二维码: http://n46gq.hm.doro.org.cn/qr/4
开始处理跳转链接数据，数量: 1
处理第0个链接: http://rtszm.hm.doro.org.cn/qr/3
图片[0]长度: 1834字节
执行插入跳转URL SQL (不显示完整SQL以避免日志过大)
提交事务
保存成功，返回ID: 4
2025-05-21 23:09:52 - AJAX Save QR Started
POST Data Keys: Array
(
    [0] => id
    [1] => name
    [2] => entry_domain
    [3] => landing_domain
    [4] => jump_time
    [5] => show_safe
    [6] => threshold_type
    [7] => jump_url
    [8] => threshold
    [9] => image_url
    [10] => remarks
    [11] => qr_code
    [12] => original_entry_domain
    [13] => original_landing_domain
    [14] => full_entry_domain
    [15] => full_landing_domain
)

处理参数: id=0
处理后基本参数: name=dadadad, entry_domain=u8uhjclq.hm.doro.org.cn
跳转URL数量: 1
图片数据数量: 1
图片[0]类型: Base64, 长度: 1834字节
开始事务处理
新增模式
使用前端提供的标识符: kxf$CJ*@/23055986
执行SQL: INSERT INTO dwz_qrcode (uid, name, code, entry_domain, landing_domain, jump_time, show_safe, 
                            threshold_type, infinite_loop, remarks, addtime, updatetime, state, wechat_status) 
                            VALUES ('10001', 'dadadad', 'kxf$CJ*@/23055986', 'u8uhjclq.hm.doro.org.cn', 'cvyl11.hm.doro.org.cn', '0', 
                            '1', '1', '0', '', '2025-05-21 23:09:52', '2025-05-21 23:09:52', 1, 1)
最终获取新插入ID: 5
生成随机二级域名: 11te9z
域名已有二级域名，添加前缀: http://u8uhjclq.hm.doro.org.cn/qr/5
使用前端提供的完整URL生成二维码: http://u8uhjclq.hm.doro.org.cn/qr/5
开始处理跳转链接数据，数量: 1
处理第0个链接: http://rtszm.hm.doro.org.cn/qr/3
图片[0]长度: 1834字节
执行插入跳转URL SQL (不显示完整SQL以避免日志过大)
提交事务
保存成功，返回ID: 5
2025-05-21 23:11:08 - AJAX Save QR Started
POST Data Keys: Array
(
    [0] => id
    [1] => name
    [2] => entry_domain
    [3] => landing_domain
    [4] => jump_time
    [5] => show_safe
    [6] => threshold_type
    [7] => jump_url
    [8] => threshold
    [9] => image_url
    [10] => remarks
    [11] => qr_code
    [12] => original_entry_domain
    [13] => original_landing_domain
    [14] => full_entry_domain
    [15] => full_landing_domain
)

处理参数: id=0
处理后基本参数: name=gdgdgdgdg, entry_domain=fzln8k.hm.doro.org.cn
跳转URL数量: 1
图片数据数量: 1
图片[0]类型: Base64, 长度: 1834字节
开始事务处理
新增模式
使用前端提供的标识符: jz%^8QF)/15638436
执行SQL: INSERT INTO dwz_qrcode (uid, name, code, entry_domain, landing_domain, jump_time, show_safe, 
                            threshold_type, infinite_loop, remarks, addtime, updatetime, state, wechat_status) 
                            VALUES ('10001', 'gdgdgdgdg', 'jz%^8QF)/15638436', 'fzln8k.hm.doro.org.cn', '8hcukrkr.hm.doro.org.cn', '0', 
                            '1', '1', '0', '', '2025-05-21 23:11:08', '2025-05-21 23:11:08', 1, 1)
最终获取新插入ID: 6
生成随机二级域名: 6pjq2
域名已有二级域名，添加前缀: http://fzln8k.hm.doro.org.cn/qr/6
使用前端提供的完整URL生成二维码: http://fzln8k.hm.doro.org.cn/qr/6
开始处理跳转链接数据，数量: 1
处理第0个链接: http://rtszm.hm.doro.org.cn/qr/3
图片[0]长度: 1834字节
执行插入跳转URL SQL (不显示完整SQL以避免日志过大)
提交事务
保存成功，返回ID: 6
2025-05-21 23:12:29 - AJAX Save QR Started
POST Data Keys: Array
(
    [0] => id
    [1] => name
    [2] => entry_domain
    [3] => landing_domain
    [4] => jump_time
    [5] => show_safe
    [6] => threshold_type
    [7] => jump_url
    [8] => threshold
    [9] => image_url
    [10] => remarks
    [11] => qr_code
    [12] => original_entry_domain
    [13] => original_landing_domain
    [14] => full_entry_domain
    [15] => full_landing_domain
)

处理参数: id=0
处理后基本参数: name=hgfhfghf, entry_domain=uuclz4qo.hm.doro.org.cn
跳转URL数量: 1
图片数据数量: 1
图片[0]类型: Base64, 长度: 1834字节
开始事务处理
新增模式
使用前端提供的标识符: (9rQXc_l/60304984
执行SQL: INSERT INTO dwz_qrcode (uid, name, code, entry_domain, landing_domain, jump_time, show_safe, 
                            threshold_type, infinite_loop, remarks, addtime, updatetime, state, wechat_status) 
                            VALUES ('10001', 'hgfhfghf', '(9rQXc_l/60304984', 'uuclz4qo.hm.doro.org.cn', '70wo3xu.hm.doro.org.cn', '0', 
                            '1', '1', '0', '', '2025-05-21 23:12:29', '2025-05-21 23:12:29', 1, 1)
最终获取新插入ID: 7
生成随机二级域名: 5xsha
域名已有二级域名，添加前缀: http://uuclz4qo.hm.doro.org.cn/qr/7
使用前端提供的完整URL生成二维码: http://uuclz4qo.hm.doro.org.cn/qr/7
开始处理跳转链接数据，数量: 1
处理第0个链接: http://rtszm.hm.doro.org.cn/qr/3
图片[0]长度: 1834字节
执行插入跳转URL SQL (不显示完整SQL以避免日志过大)
提交事务
保存成功，返回ID: 7
2025-05-21 23:18:13 - AJAX Save QR Started
POST Data Keys: Array
(
    [0] => id
    [1] => name
    [2] => entry_domain
    [3] => landing_domain
    [4] => jump_time
    [5] => show_safe
    [6] => threshold_type
    [7] => jump_url
    [8] => threshold
    [9] => image_url
    [10] => remarks
    [11] => qr_code
    [12] => original_entry_domain
    [13] => original_landing_domain
    [14] => full_entry_domain
    [15] => full_landing_domain
)

处理参数: id=0
处理后基本参数: name=活码, entry_domain=37gt4.hm.doro.org.cn
跳转URL数量: 1
图片数据数量: 1
图片[0]类型: Base64, 长度: 359983字节
开始事务处理
新增模式
使用前端提供的标识符: Bahe*Kla/21792814
执行SQL: INSERT INTO dwz_qrcode (uid, name, code, entry_domain, landing_domain, jump_time, show_safe, 
                            threshold_type, infinite_loop, remarks, addtime, updatetime, state, wechat_status) 
                            VALUES ('10001', '活码', 'Bahe*Kla/21792814', '37gt4.hm.doro.org.cn', 'novbv.hm.doro.org.cn', '0', 
                            '1', '1', '0', '', '2025-05-21 23:18:13', '2025-05-21 23:18:13', 1, 1)
最终获取新插入ID: 8
生成随机二级域名: uat2p
域名已有二级域名，添加前缀: http://37gt4.hm.doro.org.cn/qr/8
使用前端提供的完整URL生成二维码: http://37gt4.hm.doro.org.cn/qr/8
开始处理跳转链接数据，数量: 1
处理第0个链接: https://u.wechat.com/MJ-WZXz1MC-goSX2tTa8XIA
图片[0]长度: 359983字节
执行插入跳转URL SQL (不显示完整SQL以避免日志过大)
提交事务
保存成功，返回ID: 8
2025-05-21 23:21:35 - AJAX Save QR Started
POST Data Keys: Array
(
    [0] => id
    [1] => name
    [2] => entry_domain
    [3] => landing_domain
    [4] => jump_time
    [5] => show_safe
    [6] => threshold_type
    [7] => jump_url
    [8] => threshold
    [9] => image_url
    [10] => remarks
    [11] => original_entry_domain
    [12] => original_landing_domain
    [13] => keep_original_entry
    [14] => keep_original_landing
)

处理参数: id=8
处理后基本参数: name=活码, entry_domain=37gt4.hm.doro.org.cn
跳转URL数量: 1
图片数据数量: 1
图片[0]类型: Base64, 长度: 65535字节
开始事务处理
更新模式: ID=8
原始入口域名: 37gt4.hm.doro.org.cn, 提交的入口域名: 37gt4.hm.doro.org.cn
原始落地域名: novbv.hm.doro.org.cn, 提交的落地域名: novbv.hm.doro.org.cn
保留原始入口域名: 37gt4.hm.doro.org.cn
保留原始落地域名: novbv.hm.doro.org.cn
域名是否变更: 否 (原入口域名: 37gt4.hm.doro.org.cn, 新入口域名: 37gt4.hm.doro.org.cn, 原落地域名: novbv.hm.doro.org.cn, 新落地域名: novbv.hm.doro.org.cn)
执行SQL: UPDATE dwz_qrcode SET 
                            name = '活码',
                            entry_domain = '37gt4.hm.doro.org.cn',
                            landing_domain = 'novbv.hm.doro.org.cn',
                            jump_time = '0',
                            show_safe = '1',
                            threshold_type = '1',
                            infinite_loop = '0',
                            remarks = '',
                            updatetime = '2025-05-21 23:21:35'
                            WHERE id = '8' AND uid = '10001'
执行SQL: DELETE FROM dwz_qrcode_data WHERE qid = '8'
域名未变更，保留原有二维码
开始处理跳转链接数据，数量: 1
处理第0个链接: https://u.wechat.com/MJ-WZXz1MC-goSX2tTa8XIA
图片[0]长度: 65535字节
执行插入跳转URL SQL (不显示完整SQL以避免日志过大)
提交事务
保存成功，返回ID: 8
2025-05-21 23:24:45 - AJAX Save QR Started
POST Data Keys: Array
(
    [0] => id
    [1] => name
    [2] => entry_domain
    [3] => landing_domain
    [4] => jump_time
    [5] => show_safe
    [6] => threshold_type
    [7] => jump_url
    [8] => threshold
    [9] => image_url
    [10] => remarks
    [11] => qr_code
    [12] => original_entry_domain
    [13] => original_landing_domain
    [14] => full_entry_domain
    [15] => full_landing_domain
)

处理参数: id=0
处理后基本参数: name=测试, entry_domain=jb6brlx5.hm.doro.org.cn
跳转URL数量: 1
图片数据数量: 1
图片[0]类型: Base64, 长度: 83299字节
开始事务处理
新增模式
使用前端提供的标识符: I&E$&!$H/44654610
执行SQL: INSERT INTO dwz_qrcode (uid, name, code, entry_domain, landing_domain, jump_time, show_safe, 
                            threshold_type, infinite_loop, remarks, addtime, updatetime, state, wechat_status) 
                            VALUES ('10001', '测试', 'I&E$&!$H/44654610', 'jb6brlx5.hm.doro.org.cn', 'ucd6t.hm.doro.org.cn', '0', 
                            '1', '1', '0', '', '2025-05-21 23:24:45', '2025-05-21 23:24:45', 1, 1)
最终获取新插入ID: 9
生成随机二级域名: j1vp8wl
域名已有二级域名，添加前缀: http://jb6brlx5.hm.doro.org.cn/qr/9
使用前端提供的完整URL生成二维码: http://jb6brlx5.hm.doro.org.cn/qr/9
开始处理跳转链接数据，数量: 1
处理第0个链接: https://u.wechat.com/MJ-WZXz1MC-goSX2tTa8XIA
图片[0]长度: 83299字节
执行插入跳转URL SQL (不显示完整SQL以避免日志过大)
提交事务
保存成功，返回ID: 9
2025-05-21 23:25:09 - AJAX Save QR Started
POST Data Keys: Array
(
    [0] => id
    [1] => name
    [2] => entry_domain
    [3] => landing_domain
    [4] => jump_time
    [5] => show_safe
    [6] => threshold_type
    [7] => jump_url
    [8] => threshold
    [9] => image_url
    [10] => remarks
    [11] => original_entry_domain
    [12] => original_landing_domain
    [13] => keep_original_entry
    [14] => keep_original_landing
)

处理参数: id=9
处理后基本参数: name=测试, entry_domain=jb6brlx5.hm.doro.org.cn
跳转URL数量: 1
图片数据数量: 1
图片[0]类型: Base64, 长度: 83299字节
开始事务处理
更新模式: ID=9
原始入口域名: jb6brlx5.hm.doro.org.cn, 提交的入口域名: jb6brlx5.hm.doro.org.cn
原始落地域名: ucd6t.hm.doro.org.cn, 提交的落地域名: ucd6t.hm.doro.org.cn
保留原始入口域名: jb6brlx5.hm.doro.org.cn
保留原始落地域名: ucd6t.hm.doro.org.cn
域名是否变更: 否 (原入口域名: jb6brlx5.hm.doro.org.cn, 新入口域名: jb6brlx5.hm.doro.org.cn, 原落地域名: ucd6t.hm.doro.org.cn, 新落地域名: ucd6t.hm.doro.org.cn)
执行SQL: UPDATE dwz_qrcode SET 
                            name = '测试',
                            entry_domain = 'jb6brlx5.hm.doro.org.cn',
                            landing_domain = 'ucd6t.hm.doro.org.cn',
                            jump_time = '0',
                            show_safe = '1',
                            threshold_type = '1',
                            infinite_loop = '0',
                            remarks = '',
                            updatetime = '2025-05-21 23:25:09'
                            WHERE id = '9' AND uid = '10001'
执行SQL: DELETE FROM dwz_qrcode_data WHERE qid = '9'
域名未变更，保留原有二维码
开始处理跳转链接数据，数量: 1
处理第0个链接: https://u.wechat.com/MJ-WZXz1MC-goSX2tTa8XIA
图片[0]长度: 83299字节
执行插入跳转URL SQL (不显示完整SQL以避免日志过大)
提交事务
保存成功，返回ID: 9
2025-05-21 23:32:52 - AJAX Save QR Started
POST Data Keys: Array
(
    [0] => id
    [1] => name
    [2] => entry_domain
    [3] => landing_domain
    [4] => jump_time
    [5] => show_safe
    [6] => threshold_type
    [7] => jump_url
    [8] => threshold
    [9] => image_url
    [10] => remarks
    [11] => original_entry_domain
    [12] => original_landing_domain
    [13] => keep_original_entry
    [14] => keep_original_landing
)

处理参数: id=9
处理后基本参数: name=测试, entry_domain=jb6brlx5.hm.doro.org.cn
跳转URL数量: 1
图片数据数量: 1
图片[0]类型: Base64, 长度: 26903字节
开始事务处理
更新模式: ID=9
原始入口域名: jb6brlx5.hm.doro.org.cn, 提交的入口域名: jb6brlx5.hm.doro.org.cn
原始落地域名: ucd6t.hm.doro.org.cn, 提交的落地域名: ucd6t.hm.doro.org.cn
保留原始入口域名: jb6brlx5.hm.doro.org.cn
保留原始落地域名: ucd6t.hm.doro.org.cn
域名是否变更: 否 (原入口域名: jb6brlx5.hm.doro.org.cn, 新入口域名: jb6brlx5.hm.doro.org.cn, 原落地域名: ucd6t.hm.doro.org.cn, 新落地域名: ucd6t.hm.doro.org.cn)
执行SQL: UPDATE dwz_qrcode SET 
                            name = '测试',
                            entry_domain = 'jb6brlx5.hm.doro.org.cn',
                            landing_domain = 'ucd6t.hm.doro.org.cn',
                            jump_time = '0',
                            show_safe = '1',
                            threshold_type = '1',
                            infinite_loop = '0',
                            remarks = '',
                            updatetime = '2025-05-21 23:32:52'
                            WHERE id = '9' AND uid = '10001'
执行SQL: DELETE FROM dwz_qrcode_data WHERE qid = '9'
域名未变更，保留原有二维码
开始处理跳转链接数据，数量: 1
处理第0个链接: https://u.wechat.com/MJ-WZXz1MC-goSX2tTa8XIA
图片[0]长度: 26903字节
执行插入跳转URL SQL (不显示完整SQL以避免日志过大)
提交事务
保存成功，返回ID: 9
2025-05-22 17:19:05 - AJAX Save QR Started
POST Data Keys: Array
(
    [0] => id
    [1] => name
    [2] => entry_domain
    [3] => landing_domain
    [4] => jump_time
    [5] => show_safe
    [6] => threshold_type
    [7] => jump_url
    [8] => threshold
    [9] => image_url
    [10] => remarks
    [11] => qr_code
    [12] => original_entry_domain
    [13] => original_landing_domain
    [14] => full_entry_domain
    [15] => full_landing_domain
)

处理参数: id=0
处理后基本参数: name=BMW, entry_domain=11geb4.hm.doro.org.cn
跳转URL数量: 1
图片数据数量: 1
图片[0]类型: Base64, 长度: 26903字节
开始事务处理
新增模式
使用前端提供的标识符: I+J%^UwL/70664687
执行SQL: INSERT INTO dwz_qrcode (uid, name, code, entry_domain, landing_domain, jump_time, show_safe, 
                            threshold_type, infinite_loop, remarks, addtime, updatetime, state, wechat_status) 
                            VALUES ('10001', 'BMW', 'I+J%^UwL/70664687', '11geb4.hm.doro.org.cn', 'l7825.hm.doro.org.cn', '0', 
                            '1', '1', '0', '', '2025-05-22 17:19:05', '2025-05-22 17:19:05', 1, 1)
最终获取新插入ID: 10
生成随机二级域名: ggk24
域名已有二级域名，添加前缀: http://11geb4.hm.doro.org.cn/qr/10
使用前端提供的完整URL生成二维码: http://11geb4.hm.doro.org.cn/qr/10
开始处理跳转链接数据，数量: 1
处理第0个链接: https://u.wechat.com/MJ-WZXz1MC-goSX2tTa8XIA
图片[0]长度: 26903字节
执行插入跳转URL SQL (不显示完整SQL以避免日志过大)
提交事务
保存成功，返回ID: 10
2025-05-22 17:19:51 - AJAX Save QR Started
POST Data Keys: Array
(
    [0] => id
    [1] => name
    [2] => entry_domain
    [3] => landing_domain
    [4] => jump_time
    [5] => show_safe
    [6] => threshold_type
    [7] => jump_url
    [8] => threshold
    [9] => image_url
    [10] => remarks
    [11] => qr_code
    [12] => original_entry_domain
    [13] => original_landing_domain
    [14] => full_entry_domain
    [15] => full_landing_domain
)

处理参数: id=0
处理后基本参数: name=ceshi111, entry_domain=h4bar.hm.doro.org.cn
跳转URL数量: 1
图片数据数量: 1
图片[0]类型: Base64, 长度: 26903字节
开始事务处理
新增模式
使用前端提供的标识符: R(q0prhc/05049842
执行SQL: INSERT INTO dwz_qrcode (uid, name, code, entry_domain, landing_domain, jump_time, show_safe, 
                            threshold_type, infinite_loop, remarks, addtime, updatetime, state, wechat_status) 
                            VALUES ('10001', 'ceshi111', 'R(q0prhc/05049842', 'h4bar.hm.doro.org.cn', '38o3yzl.hm.doro.org.cn', '0', 
                            '1', '1', '0', '', '2025-05-22 17:19:51', '2025-05-22 17:19:51', 1, 1)
最终获取新插入ID: 11
生成随机二级域名: httbh1d
域名已有二级域名，添加前缀: http://h4bar.hm.doro.org.cn/qr/11
使用前端提供的完整URL生成二维码: http://h4bar.hm.doro.org.cn/qr/11
开始处理跳转链接数据，数量: 1
处理第0个链接: https://u.wechat.com/MJ-WZXz1MC-goSX2tTa8XIA
图片[0]长度: 26903字节
执行插入跳转URL SQL (不显示完整SQL以避免日志过大)
提交事务
保存成功，返回ID: 11
2025-06-03 23:38:47 - AJAX Save QR Started
POST Data Keys: Array
(
    [0] => id
    [1] => name
    [2] => entry_domain
    [3] => landing_domain
    [4] => jump_time
    [5] => show_safe
    [6] => threshold_type
    [7] => jump_url
    [8] => threshold
    [9] => image_url
    [10] => remarks
    [11] => qr_code
    [12] => original_entry_domain
    [13] => original_landing_domain
    [14] => full_entry_domain
    [15] => full_landing_domain
)

处理参数: id=0
处理后基本参数: name=BMW, entry_domain=cjuwl0e.1rk.hm.doro.org.cn
跳转URL数量: 1
图片数据数量: 1
图片[0]类型: Base64, 长度: 9895字节
开始事务处理
新增模式
使用前端提供的标识符: V4zpsQY)/79274389
执行SQL: INSERT INTO dwz_qrcode (uid, name, code, entry_domain, landing_domain, jump_time, show_safe, 
                            threshold_type, infinite_loop, remarks, addtime, updatetime, state, wechat_status) 
                            VALUES ('10001', 'BMW', 'V4zpsQY)/79274389', 'cjuwl0e.1rk.hm.doro.org.cn', 's8ar6z.2ld.hm.doro.org.cn', '0', 
                            '1', '1', '0', '', '2025-06-03 23:38:47', '2025-06-03 23:38:47', 1, 1)
最终获取新插入ID: 1
生成随机二级域名: f94eonuf
域名已有二级域名，添加前缀: http://cjuwl0e.1rk.hm.doro.org.cn/qr/1
使用前端提供的完整URL生成二维码: http://cjuwl0e.1rk.hm.doro.org.cn/qr/1
开始处理跳转链接数据，数量: 1
处理第0个链接: http://www.baidu.com
图片[0]长度: 9895字节
执行插入跳转URL SQL (不显示完整SQL以避免日志过大)
提交事务
保存成功，返回ID: 1
2025-06-03 23:40:14 - AJAX Save QR Started
POST Data Keys: Array
(
    [0] => id
    [1] => name
    [2] => entry_domain
    [3] => landing_domain
    [4] => jump_time
    [5] => show_safe
    [6] => threshold_type
    [7] => jump_url
    [8] => threshold
    [9] => image_url
    [10] => remarks
    [11] => qr_code
    [12] => original_entry_domain
    [13] => original_landing_domain
    [14] => full_entry_domain
    [15] => full_landing_domain
)

处理参数: id=0
处理后基本参数: name=ccss, entry_domain=aqgxukre.1rk.hm.doro.org.cn
跳转URL数量: 1
图片数据数量: 1
图片[0]类型: Base64, 长度: 12383字节
开始事务处理
新增模式
使用前端提供的标识符: M*7hLk$0/37521303
执行SQL: INSERT INTO dwz_qrcode (uid, name, code, entry_domain, landing_domain, jump_time, show_safe, 
                            threshold_type, infinite_loop, remarks, addtime, updatetime, state, wechat_status) 
                            VALUES ('10001', 'ccss', 'M*7hLk$0/37521303', 'aqgxukre.1rk.hm.doro.org.cn', 'rguf7ljm.2ld.hm.doro.org.cn', '0', 
                            '1', '1', '0', '', '2025-06-03 23:40:14', '2025-06-03 23:40:14', 1, 1)
最终获取新插入ID: 2
生成随机二级域名: maq1565
域名已有二级域名，添加前缀: http://aqgxukre.1rk.hm.doro.org.cn/qr/2
使用前端提供的完整URL生成二维码: http://aqgxukre.1rk.hm.doro.org.cn/qr/2
开始处理跳转链接数据，数量: 1
处理第0个链接: http://rtszm.hm.doro.org.cn/qr/3
图片[0]长度: 12383字节
执行插入跳转URL SQL (不显示完整SQL以避免日志过大)
提交事务
保存成功，返回ID: 2
2025-06-09 19:33:17 - AJAX Save QR Started
POST Data Keys: Array
(
    [0] => id
    [1] => name
    [2] => entry_domain
    [3] => landing_domain
    [4] => jump_time
    [5] => show_safe
    [6] => threshold_type
    [7] => infinite_loop
    [8] => remarks
    [9] => qr_code
    [10] => original_entry_domain
    [11] => original_landing_domain
    [12] => full_entry_domain
    [13] => full_landing_domain
)

处理参数: id=0
错误: 跳转地址为空
2025-06-09 19:35:48 - AJAX Save QR Started
POST Data Keys: Array
(
    [0] => id
    [1] => name
    [2] => entry_domain
    [3] => landing_domain
    [4] => jump_time
    [5] => show_safe
    [6] => threshold_type
    [7] => infinite_loop
    [8] => jump_url
    [9] => threshold
    [10] => image_url
    [11] => remarks
    [12] => qr_code
    [13] => original_entry_domain
    [14] => original_landing_domain
    [15] => full_entry_domain
    [16] => full_landing_domain
)

处理参数: id=0
处理后基本参数: name=asfasf, entry_domain=ov84p7.1.com
跳转URL数量: 1
图片数据数量: 1
开始事务处理
新增模式
使用前端提供的标识符: )NeH6_G!/45429755
执行SQL: INSERT INTO dwz_qrcode (uid, name, code, entry_domain, landing_domain, jump_time, show_safe, 
                            threshold_type, infinite_loop, remarks, addtime, updatetime, state, wechat_status) 
                            VALUES ('10004', 'asfasf', ')NeH6_G!/45429755', 'ov84p7.1.com', 'sbryj.1ldk.hm.doro.org.cn', '0', 
                            '1', '1', '1', '', '2025-06-09 19:35:48', '2025-06-09 19:35:48', 1, 1)
最终获取新插入ID: 3
生成随机二级域名: isxp7
域名已有二级域名，添加前缀: http://ov84p7.1.com/qr/3
使用前端提供的完整URL生成二维码: http://ov84p7.1.com/qr/3
开始处理跳转链接数据，数量: 1
处理第0个链接: https://www.baidu.com
图片[0]长度: 0字节
执行插入跳转URL SQL (不显示完整SQL以避免日志过大)
提交事务
保存成功，返回ID: 3
2025-06-09 19:46:13 - AJAX Save QR Started
POST Data Keys: Array
(
    [0] => id
    [1] => name
    [2] => entry_domain
    [3] => landing_domain
    [4] => jump_time
    [5] => show_safe
    [6] => threshold_type
    [7] => infinite_loop
    [8] => jump_url
    [9] => threshold
    [10] => image_url
    [11] => remarks
    [12] => qr_code
    [13] => original_entry_domain
    [14] => original_landing_domain
    [15] => full_entry_domain
    [16] => full_landing_domain
)

处理参数: id=0
错误: 无法获取用户积分
2025-06-09 19:47:50 - AJAX Save QR Started
POST Data Keys: Array
(
    [0] => id
    [1] => name
    [2] => entry_domain
    [3] => landing_domain
    [4] => jump_time
    [5] => show_safe
    [6] => threshold_type
    [7] => infinite_loop
    [8] => jump_url
    [9] => threshold
    [10] => image_url
    [11] => remarks
    [12] => qr_code
    [13] => original_entry_domain
    [14] => original_landing_domain
    [15] => full_entry_domain
    [16] => full_landing_domain
)

处理参数: id=0
错误: 无法获取用户积分
2025-06-09 19:48:28 - AJAX Save QR Started
POST Data Keys: Array
(
    [0] => id
    [1] => name
    [2] => entry_domain
    [3] => landing_domain
    [4] => jump_time
    [5] => show_safe
    [6] => threshold_type
    [7] => infinite_loop
    [8] => jump_url
    [9] => threshold
    [10] => image_url
    [11] => remarks
    [12] => qr_code
    [13] => original_entry_domain
    [14] => original_landing_domain
    [15] => full_entry_domain
    [16] => full_landing_domain
)

处理参数: id=0
错误: 无法获取用户积分
2025-06-09 19:49:38 - AJAX Save QR Started
POST Data Keys: Array
(
    [0] => id
    [1] => name
    [2] => entry_domain
    [3] => landing_domain
    [4] => jump_time
    [5] => show_safe
    [6] => threshold_type
    [7] => jump_url
    [8] => threshold
    [9] => image_url
    [10] => remarks
    [11] => qr_code
    [12] => original_entry_domain
    [13] => original_landing_domain
    [14] => full_entry_domain
    [15] => full_landing_domain
)

处理参数: id=0
错误: 无法获取用户积分
2025-06-09 19:50:21 - AJAX Save QR Started
POST Data Keys: Array
(
    [0] => id
    [1] => name
    [2] => entry_domain
    [3] => landing_domain
    [4] => jump_time
    [5] => show_safe
    [6] => threshold_type
    [7] => infinite_loop
    [8] => jump_url
    [9] => threshold
    [10] => image_url
    [11] => remarks
    [12] => qr_code
    [13] => original_entry_domain
    [14] => original_landing_domain
    [15] => full_entry_domain
    [16] => full_landing_domain
)

处理参数: id=0
2025-06-09 19:52:01 - AJAX Save QR Started
POST Data Keys: Array
(
    [0] => id
    [1] => name
    [2] => entry_domain
    [3] => landing_domain
    [4] => jump_time
    [5] => show_safe
    [6] => threshold_type
    [7] => infinite_loop
    [8] => jump_url
    [9] => threshold
    [10] => image_url
    [11] => remarks
    [12] => qr_code
    [13] => original_entry_domain
    [14] => original_landing_domain
    [15] => full_entry_domain
    [16] => full_landing_domain
)

处理参数: id=0
处理后基本参数: name=asfasf, entry_domain=s2s6em8.1rk.hm.doro.org.cn
跳转URL数量: 1
图片数据数量: 1
开始事务处理
新增模式
使用前端提供的标识符: ruf6Ffsx/11388007
执行SQL: INSERT INTO dwz_qrcode (uid, name, code, entry_domain, landing_domain, jump_time, show_safe, 
                            threshold_type, infinite_loop, remarks, addtime, updatetime, state, wechat_status) 
                            VALUES ('10007', 'asfasf', 'ruf6Ffsx/11388007', 's2s6em8.1rk.hm.doro.org.cn', 'dp7eyl.2ld.hm.doro.org.cn', '0', 
                            '1', '1', '1', '', '2025-06-09 19:52:01', '2025-06-09 19:52:01', 1, 1)
最终获取新插入ID: 4
生成随机二级域名: tz62q4z
域名已有二级域名，添加前缀: http://s2s6em8.1rk.hm.doro.org.cn/qr/4
使用前端提供的完整URL生成二维码: http://s2s6em8.1rk.hm.doro.org.cn/qr/4
开始处理跳转链接数据，数量: 1
处理第0个链接: https://www.baidu.com
图片[0]长度: 0字节
执行插入跳转URL SQL (不显示完整SQL以避免日志过大)
提交事务
保存成功，返回ID: 4
2025-06-09 19:52:43 - AJAX Save QR Started
POST Data Keys: Array
(
    [0] => id
    [1] => name
    [2] => entry_domain
    [3] => landing_domain
    [4] => jump_time
    [5] => show_safe
    [6] => threshold_type
    [7] => infinite_loop
    [8] => jump_url
    [9] => threshold
    [10] => image_url
    [11] => remarks
    [12] => original_entry_domain
    [13] => original_landing_domain
    [14] => keep_original_entry
    [15] => keep_original_landing
)

2025-06-09 19:53:25 - AJAX Save QR Started
POST Data Keys: Array
(
    [0] => id
    [1] => name
    [2] => entry_domain
    [3] => landing_domain
    [4] => jump_time
    [5] => show_safe
    [6] => threshold_type
    [7] => infinite_loop
    [8] => jump_url
    [9] => threshold
    [10] => image_url
    [11] => remarks
    [12] => original_entry_domain
    [13] => original_landing_domain
    [14] => keep_original_entry
    [15] => keep_original_landing
)

处理参数: id=4
处理后基本参数: name=asfasf, entry_domain=s2s6em8.1rk.hm.doro.org.cn
跳转URL数量: 1
图片数据数量: 1
开始事务处理
更新模式: ID=4
原始入口域名: s2s6em8.1rk.hm.doro.org.cn, 提交的入口域名: s2s6em8.1rk.hm.doro.org.cn
原始落地域名: dp7eyl.2ld.hm.doro.org.cn, 提交的落地域名: dp7eyl.2ld.hm.doro.org.cn
保留原始入口域名: s2s6em8.1rk.hm.doro.org.cn
保留原始落地域名: dp7eyl.2ld.hm.doro.org.cn
域名是否变更: 否 (原入口域名: s2s6em8.1rk.hm.doro.org.cn, 新入口域名: s2s6em8.1rk.hm.doro.org.cn, 原落地域名: dp7eyl.2ld.hm.doro.org.cn, 新落地域名: dp7eyl.2ld.hm.doro.org.cn)
执行SQL: UPDATE dwz_qrcode SET 
                            name = 'asfasf',
                            entry_domain = 's2s6em8.1rk.hm.doro.org.cn',
                            landing_domain = 'dp7eyl.2ld.hm.doro.org.cn',
                            jump_time = '0',
                            show_safe = '1',
                            threshold_type = '1',
                            infinite_loop = '1',
                            remarks = '',
                            updatetime = '2025-06-09 19:53:25'
                            WHERE id = '4' AND uid = '10007'
执行SQL: DELETE FROM dwz_qrcode_data WHERE qid = '4'
域名未变更，保留原有二维码
开始处理跳转链接数据，数量: 1
处理第0个链接: https://www.baidu.com
图片[0]长度: 0字节
执行插入跳转URL SQL (不显示完整SQL以避免日志过大)
提交事务
保存成功，返回ID: 4
2025-06-09 19:53:31 - AJAX Save QR Started
POST Data Keys: Array
(
    [0] => id
    [1] => name
    [2] => entry_domain
    [3] => landing_domain
    [4] => jump_time
    [5] => show_safe
    [6] => threshold_type
    [7] => infinite_loop
    [8] => jump_url
    [9] => threshold
    [10] => image_url
    [11] => remarks
    [12] => original_entry_domain
    [13] => original_landing_domain
    [14] => keep_original_entry
    [15] => keep_original_landing
)

处理参数: id=4
处理后基本参数: name=asfasf, entry_domain=s2s6em8.1rk.hm.doro.org.cn
跳转URL数量: 1
图片数据数量: 1
开始事务处理
更新模式: ID=4
原始入口域名: s2s6em8.1rk.hm.doro.org.cn, 提交的入口域名: s2s6em8.1rk.hm.doro.org.cn
原始落地域名: dp7eyl.2ld.hm.doro.org.cn, 提交的落地域名: dp7eyl.2ld.hm.doro.org.cn
保留原始入口域名: s2s6em8.1rk.hm.doro.org.cn
保留原始落地域名: dp7eyl.2ld.hm.doro.org.cn
域名是否变更: 否 (原入口域名: s2s6em8.1rk.hm.doro.org.cn, 新入口域名: s2s6em8.1rk.hm.doro.org.cn, 原落地域名: dp7eyl.2ld.hm.doro.org.cn, 新落地域名: dp7eyl.2ld.hm.doro.org.cn)
执行SQL: UPDATE dwz_qrcode SET 
                            name = 'asfasf',
                            entry_domain = 's2s6em8.1rk.hm.doro.org.cn',
                            landing_domain = 'dp7eyl.2ld.hm.doro.org.cn',
                            jump_time = '0',
                            show_safe = '1',
                            threshold_type = '1',
                            infinite_loop = '1',
                            remarks = '',
                            updatetime = '2025-06-09 19:53:31'
                            WHERE id = '4' AND uid = '10007'
执行SQL: DELETE FROM dwz_qrcode_data WHERE qid = '4'
域名未变更，保留原有二维码
开始处理跳转链接数据，数量: 1
处理第0个链接: https://www.baidu.com
图片[0]长度: 0字节
执行插入跳转URL SQL (不显示完整SQL以避免日志过大)
提交事务
保存成功，返回ID: 4
2025-06-09 19:55:04 - AJAX Save QR Started
POST Data Keys: Array
(
    [0] => id
    [1] => name
    [2] => entry_domain
    [3] => landing_domain
    [4] => jump_time
    [5] => show_safe
    [6] => threshold_type
    [7] => infinite_loop
    [8] => jump_url
    [9] => threshold
    [10] => image_url
    [11] => remarks
    [12] => qr_code
    [13] => original_entry_domain
    [14] => original_landing_domain
    [15] => full_entry_domain
    [16] => full_landing_domain
)

处理参数: id=0
处理后基本参数: name=asfasfasf, entry_domain=7q5zrab5.entry.example.com
跳转URL数量: 1
图片数据数量: 1
开始事务处理
新增模式
使用前端提供的标识符: 0O3Sk!M$/87838361
执行SQL: INSERT INTO dwz_qrcode (uid, name, code, entry_domain, landing_domain, jump_time, show_safe, 
                            threshold_type, infinite_loop, remarks, addtime, updatetime, state, wechat_status) 
                            VALUES ('10006', 'asfasfasf', '0O3Sk!M$/87838361', '7q5zrab5.entry.example.com', 'egmc3w.1ldk.hm.doro.org.cn', '0', 
                            '1', '1', '1', '', '2025-06-09 19:55:04', '2025-06-09 19:55:04', 1, 1)
最终获取新插入ID: 5
生成随机二级域名: t8u3rl
域名已有二级域名，添加前缀: http://7q5zrab5.entry.example.com/qr/5
使用前端提供的完整URL生成二维码: http://7q5zrab5.entry.example.com/qr/5
开始处理跳转链接数据，数量: 1
处理第0个链接: https://www.baidu.com
图片[0]长度: 0字节
执行插入跳转URL SQL (不显示完整SQL以避免日志过大)
提交事务
保存成功，返回ID: 5
2025-06-09 19:55:42 - AJAX Save QR Started
POST Data Keys: Array
(
    [0] => id
    [1] => name
    [2] => entry_domain
    [3] => landing_domain
    [4] => jump_time
    [5] => show_safe
    [6] => threshold_type
    [7] => infinite_loop
    [8] => jump_url
    [9] => threshold
    [10] => image_url
    [11] => remarks
    [12] => original_entry_domain
    [13] => original_landing_domain
    [14] => keep_original_entry
    [15] => keep_original_landing
)

处理参数: id=5
处理后基本参数: name=asfasfasf, entry_domain=7q5zrab5.entry.example.com
跳转URL数量: 1
图片数据数量: 1
开始事务处理
更新模式: ID=5
原始入口域名: 7q5zrab5.entry.example.com, 提交的入口域名: 7q5zrab5.entry.example.com
原始落地域名: egmc3w.1ldk.hm.doro.org.cn, 提交的落地域名: egmc3w.1ldk.hm.doro.org.cn
保留原始入口域名: 7q5zrab5.entry.example.com
保留原始落地域名: egmc3w.1ldk.hm.doro.org.cn
域名是否变更: 否 (原入口域名: 7q5zrab5.entry.example.com, 新入口域名: 7q5zrab5.entry.example.com, 原落地域名: egmc3w.1ldk.hm.doro.org.cn, 新落地域名: egmc3w.1ldk.hm.doro.org.cn)
执行SQL: UPDATE dwz_qrcode SET 
                            name = 'asfasfasf',
                            entry_domain = '7q5zrab5.entry.example.com',
                            landing_domain = 'egmc3w.1ldk.hm.doro.org.cn',
                            jump_time = '0',
                            show_safe = '1',
                            threshold_type = '1',
                            infinite_loop = '1',
                            remarks = '',
                            updatetime = '2025-06-09 19:55:42'
                            WHERE id = '5' AND uid = '10006'
执行SQL: DELETE FROM dwz_qrcode_data WHERE qid = '5'
域名未变更，保留原有二维码
开始处理跳转链接数据，数量: 1
处理第0个链接: https://www.baidu.com
图片[0]长度: 0字节
执行插入跳转URL SQL (不显示完整SQL以避免日志过大)
提交事务
保存成功，返回ID: 5
2025-06-09 19:57:57 - AJAX Save QR Started
POST Data Keys: Array
(
    [0] => id
    [1] => name
    [2] => entry_domain
    [3] => landing_domain
    [4] => jump_time
    [5] => show_safe
    [6] => threshold_type
    [7] => infinite_loop
    [8] => jump_url
    [9] => threshold
    [10] => image_url
    [11] => remarks
    [12] => original_entry_domain
    [13] => original_landing_domain
    [14] => keep_original_entry
    [15] => keep_original_landing
)

处理参数: id=5
处理后基本参数: name=asfasfasf, entry_domain=7q5zrab5.entry.example.com
跳转URL数量: 1
图片数据数量: 1
开始事务处理
更新模式: ID=5
原始入口域名: 7q5zrab5.entry.example.com, 提交的入口域名: 7q5zrab5.entry.example.com
原始落地域名: egmc3w.1ldk.hm.doro.org.cn, 提交的落地域名: egmc3w.1ldk.hm.doro.org.cn
保留原始入口域名: 7q5zrab5.entry.example.com
保留原始落地域名: egmc3w.1ldk.hm.doro.org.cn
域名是否变更: 否 (原入口域名: 7q5zrab5.entry.example.com, 新入口域名: 7q5zrab5.entry.example.com, 原落地域名: egmc3w.1ldk.hm.doro.org.cn, 新落地域名: egmc3w.1ldk.hm.doro.org.cn)
执行SQL: UPDATE dwz_qrcode SET 
                            name = 'asfasfasf',
                            entry_domain = '7q5zrab5.entry.example.com',
                            landing_domain = 'egmc3w.1ldk.hm.doro.org.cn',
                            jump_time = '0',
                            show_safe = '1',
                            threshold_type = '1',
                            infinite_loop = '1',
                            remarks = '',
                            updatetime = '2025-06-09 19:57:57'
                            WHERE id = '5' AND uid = '10006'
执行SQL: DELETE FROM dwz_qrcode_data WHERE qid = '5'
域名未变更，保留原有二维码
开始处理跳转链接数据，数量: 1
处理第0个链接: https://www.baidu.com
图片[0]长度: 0字节
执行插入跳转URL SQL (不显示完整SQL以避免日志过大)
提交事务
保存成功，返回ID: 5
2025-06-09 19:59:55 - AJAX Save QR Started
POST Data Keys: Array
(
    [0] => id
    [1] => name
    [2] => entry_domain
    [3] => landing_domain
    [4] => jump_time
    [5] => show_safe
    [6] => threshold_type
    [7] => infinite_loop
    [8] => jump_url
    [9] => threshold
    [10] => image_url
    [11] => remarks
    [12] => original_entry_domain
    [13] => original_landing_domain
    [14] => keep_original_entry
    [15] => keep_original_landing
)

处理参数: id=5
处理后基本参数: name=asfasfasf, entry_domain=7q5zrab5.entry.example.com
跳转URL数量: 1
图片数据数量: 1
开始事务处理
更新模式: ID=5
原始入口域名: 7q5zrab5.entry.example.com, 提交的入口域名: 7q5zrab5.entry.example.com
原始落地域名: egmc3w.1ldk.hm.doro.org.cn, 提交的落地域名: egmc3w.1ldk.hm.doro.org.cn
保留原始入口域名: 7q5zrab5.entry.example.com
保留原始落地域名: egmc3w.1ldk.hm.doro.org.cn
域名是否变更: 否 (原入口域名: 7q5zrab5.entry.example.com, 新入口域名: 7q5zrab5.entry.example.com, 原落地域名: egmc3w.1ldk.hm.doro.org.cn, 新落地域名: egmc3w.1ldk.hm.doro.org.cn)
执行SQL: UPDATE dwz_qrcode SET 
                            name = 'asfasfasf',
                            entry_domain = '7q5zrab5.entry.example.com',
                            landing_domain = 'egmc3w.1ldk.hm.doro.org.cn',
                            jump_time = '0',
                            show_safe = '1',
                            threshold_type = '1',
                            infinite_loop = '1',
                            remarks = '',
                            updatetime = '2025-06-09 19:59:55'
                            WHERE id = '5' AND uid = '10006'
执行SQL: DELETE FROM dwz_qrcode_data WHERE qid = '5'
域名未变更，保留原有二维码
开始处理跳转链接数据，数量: 1
处理第0个链接: https://www.baidu.com
图片[0]长度: 0字节
执行插入跳转URL SQL (不显示完整SQL以避免日志过大)
提交事务
保存成功，返回ID: 5
2025-06-09 20:00:50 - AJAX Save QR Started
POST Data Keys: Array
(
    [0] => id
    [1] => name
    [2] => entry_domain
    [3] => landing_domain
    [4] => jump_time
    [5] => show_safe
    [6] => threshold_type
    [7] => infinite_loop
    [8] => jump_url
    [9] => threshold
    [10] => image_url
    [11] => remarks
    [12] => original_entry_domain
    [13] => original_landing_domain
    [14] => keep_original_entry
    [15] => keep_original_landing
)

处理参数: id=5
处理后基本参数: name=asfasfasf, entry_domain=7q5zrab5.entry.example.com
跳转URL数量: 1
图片数据数量: 1
开始事务处理
更新模式: ID=5
原始入口域名: 7q5zrab5.entry.example.com, 提交的入口域名: 7q5zrab5.entry.example.com
原始落地域名: egmc3w.1ldk.hm.doro.org.cn, 提交的落地域名: egmc3w.1ldk.hm.doro.org.cn
保留原始入口域名: 7q5zrab5.entry.example.com
保留原始落地域名: egmc3w.1ldk.hm.doro.org.cn
域名是否变更: 否 (原入口域名: 7q5zrab5.entry.example.com, 新入口域名: 7q5zrab5.entry.example.com, 原落地域名: egmc3w.1ldk.hm.doro.org.cn, 新落地域名: egmc3w.1ldk.hm.doro.org.cn)
执行SQL: UPDATE dwz_qrcode SET 
                            name = 'asfasfasf',
                            entry_domain = '7q5zrab5.entry.example.com',
                            landing_domain = 'egmc3w.1ldk.hm.doro.org.cn',
                            jump_time = '0',
                            show_safe = '1',
                            threshold_type = '1',
                            infinite_loop = '1',
                            remarks = '',
                            updatetime = '2025-06-09 20:00:50'
                            WHERE id = '5' AND uid = '10006'
执行SQL: DELETE FROM dwz_qrcode_data WHERE qid = '5'
域名未变更，保留原有二维码
开始处理跳转链接数据，数量: 1
处理第0个链接: https://www.baidu.com
图片[0]长度: 0字节
执行插入跳转URL SQL (不显示完整SQL以避免日志过大)
提交事务
保存成功，返回ID: 5
2025-06-09 20:01:12 - AJAX Save QR Started
POST Data Keys: Array
(
    [0] => id
    [1] => name
    [2] => entry_domain
    [3] => landing_domain
    [4] => jump_time
    [5] => show_safe
    [6] => threshold_type
    [7] => infinite_loop
    [8] => jump_url
    [9] => threshold
    [10] => image_url
    [11] => remarks
    [12] => original_entry_domain
    [13] => original_landing_domain
    [14] => keep_original_entry
    [15] => keep_original_landing
)

处理参数: id=5
处理后基本参数: name=asfasfasf, entry_domain=7q5zrab5.entry.example.com
跳转URL数量: 1
图片数据数量: 1
开始事务处理
更新模式: ID=5
原始入口域名: 7q5zrab5.entry.example.com, 提交的入口域名: 7q5zrab5.entry.example.com
原始落地域名: egmc3w.1ldk.hm.doro.org.cn, 提交的落地域名: egmc3w.1ldk.hm.doro.org.cn
保留原始入口域名: 7q5zrab5.entry.example.com
保留原始落地域名: egmc3w.1ldk.hm.doro.org.cn
域名是否变更: 否 (原入口域名: 7q5zrab5.entry.example.com, 新入口域名: 7q5zrab5.entry.example.com, 原落地域名: egmc3w.1ldk.hm.doro.org.cn, 新落地域名: egmc3w.1ldk.hm.doro.org.cn)
执行SQL: UPDATE dwz_qrcode SET 
                            name = 'asfasfasf',
                            entry_domain = '7q5zrab5.entry.example.com',
                            landing_domain = 'egmc3w.1ldk.hm.doro.org.cn',
                            jump_time = '0',
                            show_safe = '1',
                            threshold_type = '1',
                            infinite_loop = '1',
                            remarks = '',
                            updatetime = '2025-06-09 20:01:12'
                            WHERE id = '5' AND uid = '10006'
执行SQL: DELETE FROM dwz_qrcode_data WHERE qid = '5'
域名未变更，保留原有二维码
开始处理跳转链接数据，数量: 1
处理第0个链接: https://www.baidu.com
图片[0]长度: 0字节
执行插入跳转URL SQL (不显示完整SQL以避免日志过大)
2025-06-09 20:01:35 - AJAX Save QR Started
POST Data Keys: Array
(
    [0] => id
    [1] => name
    [2] => entry_domain
    [3] => landing_domain
    [4] => jump_time
    [5] => show_safe
    [6] => threshold_type
    [7] => infinite_loop
    [8] => jump_url
    [9] => threshold
    [10] => image_url
    [11] => remarks
    [12] => original_entry_domain
    [13] => original_landing_domain
    [14] => keep_original_entry
    [15] => keep_original_landing
)

处理参数: id=5
处理后基本参数: name=asfasfasf, entry_domain=7q5zrab5.entry.example.com
跳转URL数量: 1
图片数据数量: 1
开始事务处理
更新模式: ID=5
原始入口域名: 7q5zrab5.entry.example.com, 提交的入口域名: 7q5zrab5.entry.example.com
原始落地域名: egmc3w.1ldk.hm.doro.org.cn, 提交的落地域名: egmc3w.1ldk.hm.doro.org.cn
保留原始入口域名: 7q5zrab5.entry.example.com
保留原始落地域名: egmc3w.1ldk.hm.doro.org.cn
域名是否变更: 否 (原入口域名: 7q5zrab5.entry.example.com, 新入口域名: 7q5zrab5.entry.example.com, 原落地域名: egmc3w.1ldk.hm.doro.org.cn, 新落地域名: egmc3w.1ldk.hm.doro.org.cn)
执行SQL: UPDATE dwz_qrcode SET 
                            name = 'asfasfasf',
                            entry_domain = '7q5zrab5.entry.example.com',
                            landing_domain = 'egmc3w.1ldk.hm.doro.org.cn',
                            jump_time = '0',
                            show_safe = '1',
                            threshold_type = '1',
                            infinite_loop = '1',
                            remarks = '',
                            updatetime = '2025-06-09 20:01:35'
                            WHERE id = '5' AND uid = '10006'
执行SQL: DELETE FROM dwz_qrcode_data WHERE qid = '5'
域名未变更，保留原有二维码
开始处理跳转链接数据，数量: 1
处理第0个链接: https://www.baidu.com
图片[0]长度: 0字节
执行插入跳转URL SQL (不显示完整SQL以避免日志过大)
错误: 无法获取用户积分
2025-06-09 20:01:51 - AJAX Save QR Started
POST Data Keys: Array
(
    [0] => id
    [1] => name
    [2] => entry_domain
    [3] => landing_domain
    [4] => jump_time
    [5] => show_safe
    [6] => threshold_type
    [7] => infinite_loop
    [8] => jump_url
    [9] => threshold
    [10] => image_url
    [11] => remarks
    [12] => original_entry_domain
    [13] => original_landing_domain
    [14] => keep_original_entry
    [15] => keep_original_landing
)

处理参数: id=5
处理后基本参数: name=asfasfasf, entry_domain=7q5zrab5.entry.example.com
跳转URL数量: 1
图片数据数量: 1
开始事务处理
更新模式: ID=5
原始入口域名: 7q5zrab5.entry.example.com, 提交的入口域名: 7q5zrab5.entry.example.com
原始落地域名: egmc3w.1ldk.hm.doro.org.cn, 提交的落地域名: egmc3w.1ldk.hm.doro.org.cn
保留原始入口域名: 7q5zrab5.entry.example.com
保留原始落地域名: egmc3w.1ldk.hm.doro.org.cn
域名是否变更: 否 (原入口域名: 7q5zrab5.entry.example.com, 新入口域名: 7q5zrab5.entry.example.com, 原落地域名: egmc3w.1ldk.hm.doro.org.cn, 新落地域名: egmc3w.1ldk.hm.doro.org.cn)
执行SQL: UPDATE dwz_qrcode SET 
                            name = 'asfasfasf',
                            entry_domain = '7q5zrab5.entry.example.com',
                            landing_domain = 'egmc3w.1ldk.hm.doro.org.cn',
                            jump_time = '0',
                            show_safe = '1',
                            threshold_type = '1',
                            infinite_loop = '1',
                            remarks = '',
                            updatetime = '2025-06-09 20:01:51'
                            WHERE id = '5' AND uid = '10006'
执行SQL: DELETE FROM dwz_qrcode_data WHERE qid = '5'
域名未变更，保留原有二维码
开始处理跳转链接数据，数量: 1
处理第0个链接: https://www.baidu.com
图片[0]长度: 0字节
执行插入跳转URL SQL (不显示完整SQL以避免日志过大)
错误: 无法获取用户积分
2025-06-09 20:02:12 - AJAX Save QR Started
POST Data Keys: Array
(
    [0] => id
    [1] => name
    [2] => entry_domain
    [3] => landing_domain
    [4] => jump_time
    [5] => show_safe
    [6] => threshold_type
    [7] => infinite_loop
    [8] => jump_url
    [9] => threshold
    [10] => image_url
    [11] => remarks
    [12] => original_entry_domain
    [13] => original_landing_domain
    [14] => keep_original_entry
    [15] => keep_original_landing
)

处理参数: id=5
处理后基本参数: name=asfasfasf, entry_domain=7q5zrab5.entry.example.com
跳转URL数量: 1
图片数据数量: 1
开始事务处理
更新模式: ID=5
原始入口域名: 7q5zrab5.entry.example.com, 提交的入口域名: 7q5zrab5.entry.example.com
原始落地域名: egmc3w.1ldk.hm.doro.org.cn, 提交的落地域名: egmc3w.1ldk.hm.doro.org.cn
保留原始入口域名: 7q5zrab5.entry.example.com
保留原始落地域名: egmc3w.1ldk.hm.doro.org.cn
域名是否变更: 否 (原入口域名: 7q5zrab5.entry.example.com, 新入口域名: 7q5zrab5.entry.example.com, 原落地域名: egmc3w.1ldk.hm.doro.org.cn, 新落地域名: egmc3w.1ldk.hm.doro.org.cn)
执行SQL: UPDATE dwz_qrcode SET 
                            name = 'asfasfasf',
                            entry_domain = '7q5zrab5.entry.example.com',
                            landing_domain = 'egmc3w.1ldk.hm.doro.org.cn',
                            jump_time = '0',
                            show_safe = '1',
                            threshold_type = '1',
                            infinite_loop = '1',
                            remarks = '',
                            updatetime = '2025-06-09 20:02:12'
                            WHERE id = '5' AND uid = '10006'
执行SQL: DELETE FROM dwz_qrcode_data WHERE qid = '5'
域名未变更，保留原有二维码
开始处理跳转链接数据，数量: 1
处理第0个链接: https://www.baidu.com
图片[0]长度: 0字节
执行插入跳转URL SQL (不显示完整SQL以避免日志过大)
2025-06-09 20:04:10 - AJAX Save QR Started
POST Data Keys: Array
(
    [0] => id
    [1] => name
    [2] => entry_domain
    [3] => landing_domain
    [4] => jump_time
    [5] => show_safe
    [6] => threshold_type
    [7] => infinite_loop
    [8] => jump_url
    [9] => threshold
    [10] => image_url
    [11] => remarks
    [12] => original_entry_domain
    [13] => original_landing_domain
    [14] => keep_original_entry
    [15] => keep_original_landing
)

2025-06-09 20:04:56 - AJAX Save QR Started
POST Data Keys: Array
(
    [0] => id
    [1] => name
    [2] => entry_domain
    [3] => landing_domain
    [4] => jump_time
    [5] => show_safe
    [6] => threshold_type
    [7] => infinite_loop
    [8] => jump_url
    [9] => threshold
    [10] => image_url
    [11] => remarks
    [12] => original_entry_domain
    [13] => original_landing_domain
    [14] => keep_original_entry
    [15] => keep_original_landing
)

2025-06-09 20:05:31 - AJAX Save QR Started
POST Data Keys: Array
(
    [0] => id
    [1] => name
    [2] => entry_domain
    [3] => landing_domain
    [4] => jump_time
    [5] => show_safe
    [6] => threshold_type
    [7] => infinite_loop
    [8] => jump_url
    [9] => threshold
    [10] => image_url
    [11] => remarks
    [12] => original_entry_domain
    [13] => original_landing_domain
    [14] => keep_original_entry
    [15] => keep_original_landing
)

错误: 无法获取用户积分
2025-06-09 20:06:19 - AJAX Save QR Started
POST Data Keys: Array
(
    [0] => id
    [1] => name
    [2] => entry_domain
    [3] => landing_domain
    [4] => jump_time
    [5] => show_safe
    [6] => threshold_type
    [7] => infinite_loop
    [8] => jump_url
    [9] => threshold
    [10] => image_url
    [11] => remarks
    [12] => original_entry_domain
    [13] => original_landing_domain
    [14] => keep_original_entry
    [15] => keep_original_landing
)

错误: 无法获取用户积分
2025-06-09 20:06:24 - AJAX Save QR Started
POST Data Keys: Array
(
    [0] => id
    [1] => name
    [2] => entry_domain
    [3] => landing_domain
    [4] => jump_time
    [5] => show_safe
    [6] => threshold_type
    [7] => infinite_loop
    [8] => jump_url
    [9] => threshold
    [10] => image_url
    [11] => remarks
    [12] => original_entry_domain
    [13] => original_landing_domain
    [14] => keep_original_entry
    [15] => keep_original_landing
)

错误: 无法获取用户积分
2025-06-09 20:06:39 - AJAX Save QR Started
POST Data Keys: Array
(
    [0] => id
    [1] => name
    [2] => entry_domain
    [3] => landing_domain
    [4] => jump_time
    [5] => show_safe
    [6] => threshold_type
    [7] => infinite_loop
    [8] => jump_url
    [9] => threshold
    [10] => image_url
    [11] => remarks
    [12] => original_entry_domain
    [13] => original_landing_domain
    [14] => keep_original_entry
    [15] => keep_original_landing
)

处理参数: id=5
处理后基本参数: name=asfasfasf, entry_domain=7q5zrab5.entry.example.com
跳转URL数量: 1
图片数据数量: 1
开始事务处理
更新模式: ID=5
原始入口域名: 7q5zrab5.entry.example.com, 提交的入口域名: 7q5zrab5.entry.example.com
原始落地域名: egmc3w.1ldk.hm.doro.org.cn, 提交的落地域名: egmc3w.1ldk.hm.doro.org.cn
保留原始入口域名: 7q5zrab5.entry.example.com
保留原始落地域名: egmc3w.1ldk.hm.doro.org.cn
域名是否变更: 否 (原入口域名: 7q5zrab5.entry.example.com, 新入口域名: 7q5zrab5.entry.example.com, 原落地域名: egmc3w.1ldk.hm.doro.org.cn, 新落地域名: egmc3w.1ldk.hm.doro.org.cn)
执行SQL: UPDATE dwz_qrcode SET 
                            name = 'asfasfasf',
                            entry_domain = '7q5zrab5.entry.example.com',
                            landing_domain = 'egmc3w.1ldk.hm.doro.org.cn',
                            jump_time = '0',
                            show_safe = '1',
                            threshold_type = '1',
                            infinite_loop = '1',
                            remarks = '',
                            updatetime = '2025-06-09 20:06:39'
                            WHERE id = '5' AND uid = '10006'
执行SQL: DELETE FROM dwz_qrcode_data WHERE qid = '5'
域名未变更，保留原有二维码
开始处理跳转链接数据，数量: 1
处理第0个链接: https://www.baidu.com
图片[0]长度: 0字节
执行插入跳转URL SQL (不显示完整SQL以避免日志过大)
提交事务
保存成功，返回ID: 5
2025-06-09 20:07:47 - AJAX Save QR Started
POST Data Keys: Array
(
    [0] => id
    [1] => name
    [2] => entry_domain
    [3] => landing_domain
    [4] => jump_time
    [5] => show_safe
    [6] => threshold_type
    [7] => infinite_loop
    [8] => jump_url
    [9] => threshold
    [10] => image_url
    [11] => remarks
    [12] => original_entry_domain
    [13] => original_landing_domain
    [14] => keep_original_entry
    [15] => keep_original_landing
)

错误: 无法获取用户积分
2025-06-09 20:08:23 - AJAX Save QR Started
POST Data Keys: Array
(
    [0] => id
    [1] => name
    [2] => entry_domain
    [3] => landing_domain
    [4] => jump_time
    [5] => show_safe
    [6] => threshold_type
    [7] => infinite_loop
    [8] => jump_url
    [9] => threshold
    [10] => image_url
    [11] => remarks
    [12] => original_entry_domain
    [13] => original_landing_domain
    [14] => keep_original_entry
    [15] => keep_original_landing
)

错误: 无法获取用户积分
2025-06-09 20:08:25 - AJAX Save QR Started
POST Data Keys: Array
(
    [0] => id
    [1] => name
    [2] => entry_domain
    [3] => landing_domain
    [4] => jump_time
    [5] => show_safe
    [6] => threshold_type
    [7] => infinite_loop
    [8] => jump_url
    [9] => threshold
    [10] => image_url
    [11] => remarks
    [12] => original_entry_domain
    [13] => original_landing_domain
    [14] => keep_original_entry
    [15] => keep_original_landing
)

错误: 无法获取用户积分
2025-06-09 20:09:06 - AJAX Save QR Started
POST Data Keys: Array
(
    [0] => id
    [1] => name
    [2] => entry_domain
    [3] => landing_domain
    [4] => jump_time
    [5] => show_safe
    [6] => threshold_type
    [7] => infinite_loop
    [8] => jump_url
    [9] => threshold
    [10] => image_url
    [11] => remarks
    [12] => original_entry_domain
    [13] => original_landing_domain
    [14] => keep_original_entry
    [15] => keep_original_landing
)

2025-06-09 20:09:19 - AJAX Save QR Started
POST Data Keys: Array
(
    [0] => id
    [1] => name
    [2] => entry_domain
    [3] => landing_domain
    [4] => jump_time
    [5] => show_safe
    [6] => threshold_type
    [7] => infinite_loop
    [8] => jump_url
    [9] => threshold
    [10] => image_url
    [11] => remarks
    [12] => original_entry_domain
    [13] => original_landing_domain
    [14] => keep_original_entry
    [15] => keep_original_landing
)

2025-06-09 20:11:08 - AJAX Save QR Started
POST Data Keys: Array
(
    [0] => id
    [1] => name
    [2] => entry_domain
    [3] => landing_domain
    [4] => jump_time
    [5] => show_safe
    [6] => threshold_type
    [7] => infinite_loop
    [8] => jump_url
    [9] => threshold
    [10] => image_url
    [11] => remarks
    [12] => original_entry_domain
    [13] => original_landing_domain
    [14] => keep_original_entry
    [15] => keep_original_landing
)

错误: 积分不足 (当前积分: )
2025-06-09 20:11:13 - AJAX Save QR Started
POST Data Keys: Array
(
    [0] => id
    [1] => name
    [2] => entry_domain
    [3] => landing_domain
    [4] => jump_time
    [5] => show_safe
    [6] => threshold_type
    [7] => infinite_loop
    [8] => jump_url
    [9] => threshold
    [10] => image_url
    [11] => remarks
    [12] => original_entry_domain
    [13] => original_landing_domain
    [14] => keep_original_entry
    [15] => keep_original_landing
)

错误: 积分不足 (当前积分: )
2025-06-09 20:11:46 - AJAX Save QR Started
POST Data Keys: Array
(
    [0] => id
    [1] => name
    [2] => entry_domain
    [3] => landing_domain
    [4] => jump_time
    [5] => show_safe
    [6] => threshold_type
    [7] => infinite_loop
    [8] => jump_url
    [9] => threshold
    [10] => image_url
    [11] => remarks
    [12] => original_entry_domain
    [13] => original_landing_domain
    [14] => keep_original_entry
    [15] => keep_original_landing
)

错误: 积分不足 (当前积分: )
2025-06-09 20:12:27 - AJAX Save QR Started
POST Data Keys: Array
(
    [0] => id
    [1] => name
    [2] => entry_domain
    [3] => landing_domain
    [4] => jump_time
    [5] => show_safe
    [6] => threshold_type
    [7] => jump_url
    [8] => threshold
    [9] => image_url
    [10] => remarks
    [11] => qr_code
    [12] => original_entry_domain
    [13] => original_landing_domain
    [14] => full_entry_domain
    [15] => full_landing_domain
)

错误: 积分不足 (当前积分: )
2025-06-09 20:13:50 - AJAX Save QR Started
POST Data Keys: Array
(
    [0] => id
    [1] => name
    [2] => entry_domain
    [3] => landing_domain
    [4] => jump_time
    [5] => show_safe
    [6] => threshold_type
    [7] => jump_url
    [8] => threshold
    [9] => image_url
    [10] => remarks
    [11] => qr_code
    [12] => original_entry_domain
    [13] => original_landing_domain
    [14] => full_entry_domain
    [15] => full_landing_domain
)

错误: 积分不足 (当前积分: )
2025-06-09 20:15:09 - AJAX Save QR Started
POST Data Keys: Array
(
    [0] => id
    [1] => name
    [2] => entry_domain
    [3] => landing_domain
    [4] => jump_time
    [5] => show_safe
    [6] => threshold_type
    [7] => infinite_loop
    [8] => jump_url
    [9] => threshold
    [10] => image_url
    [11] => remarks
    [12] => qr_code
    [13] => original_entry_domain
    [14] => original_landing_domain
    [15] => full_entry_domain
    [16] => full_landing_domain
)

错误: 积分不足 (当前积分: )
2025-06-09 20:15:38 - AJAX Save QR Started
POST Data Keys: Array
(
    [0] => id
    [1] => name
    [2] => entry_domain
    [3] => landing_domain
    [4] => jump_time
    [5] => show_safe
    [6] => threshold_type
    [7] => infinite_loop
    [8] => jump_url
    [9] => threshold
    [10] => image_url
    [11] => remarks
    [12] => qr_code
    [13] => original_entry_domain
    [14] => original_landing_domain
    [15] => full_entry_domain
    [16] => full_landing_domain
)

错误: 积分不足 (当前积分: )
2025-06-09 20:15:45 - AJAX Save QR Started
POST Data Keys: Array
(
    [0] => id
    [1] => name
    [2] => entry_domain
    [3] => landing_domain
    [4] => jump_time
    [5] => show_safe
    [6] => threshold_type
    [7] => infinite_loop
    [8] => jump_url
    [9] => threshold
    [10] => image_url
    [11] => remarks
    [12] => qr_code
    [13] => original_entry_domain
    [14] => original_landing_domain
    [15] => full_entry_domain
    [16] => full_landing_domain
)

错误: 积分不足 (当前积分: )
2025-06-09 20:18:01 - AJAX Save QR Started
POST Data Keys: Array
(
    [0] => id
    [1] => name
    [2] => entry_domain
    [3] => landing_domain
    [4] => jump_time
    [5] => show_safe
    [6] => threshold_type
    [7] => jump_url
    [8] => threshold
    [9] => image_url
    [10] => remarks
    [11] => qr_code
    [12] => original_entry_domain
    [13] => original_landing_domain
    [14] => full_entry_domain
    [15] => full_landing_domain
)

错误: 积分不足 (当前积分: )
2025-06-09 20:18:15 - AJAX Save QR Started
POST Data Keys: Array
(
    [0] => id
    [1] => name
    [2] => entry_domain
    [3] => landing_domain
    [4] => jump_time
    [5] => show_safe
    [6] => threshold_type
    [7] => jump_url
    [8] => threshold
    [9] => image_url
    [10] => remarks
    [11] => qr_code
    [12] => original_entry_domain
    [13] => original_landing_domain
    [14] => full_entry_domain
    [15] => full_landing_domain
)

错误: 积分不足 (当前积分: )
2025-06-10 18:56:59 - AJAX Save QR Started
POST Data Keys: Array
(
    [0] => id
    [1] => name
    [2] => entry_domain
    [3] => landing_domain
    [4] => jump_time
    [5] => show_safe
    [6] => threshold_type
    [7] => jump_url
    [8] => threshold
    [9] => image_url
    [10] => remarks
    [11] => qr_code
    [12] => original_entry_domain
    [13] => original_landing_domain
    [14] => full_entry_domain
    [15] => full_landing_domain
)

外层异常: Unknown column 'uid' in 'where clause'
2025-06-10 18:57:03 - AJAX Save QR Started
POST Data Keys: Array
(
    [0] => id
    [1] => name
    [2] => entry_domain
    [3] => landing_domain
    [4] => jump_time
    [5] => show_safe
    [6] => threshold_type
    [7] => jump_url
    [8] => threshold
    [9] => image_url
    [10] => remarks
    [11] => qr_code
    [12] => original_entry_domain
    [13] => original_landing_domain
    [14] => full_entry_domain
    [15] => full_landing_domain
)

外层异常: Unknown column 'uid' in 'where clause'
2025-06-10 18:58:01 - AJAX Save QR Started
POST Data Keys: Array
(
    [0] => id
    [1] => name
    [2] => entry_domain
    [3] => landing_domain
    [4] => jump_time
    [5] => show_safe
    [6] => threshold_type
    [7] => jump_url
    [8] => threshold
    [9] => image_url
    [10] => remarks
    [11] => qr_code
    [12] => original_entry_domain
    [13] => original_landing_domain
    [14] => full_entry_domain
    [15] => full_landing_domain
)

错误: 积分不足 (当前积分: )
2025-06-10 18:58:20 - AJAX Save QR Started
POST Data Keys: Array
(
    [0] => id
    [1] => name
    [2] => entry_domain
    [3] => landing_domain
    [4] => jump_time
    [5] => show_safe
    [6] => threshold_type
    [7] => jump_url
    [8] => threshold
    [9] => image_url
    [10] => remarks
    [11] => qr_code
    [12] => original_entry_domain
    [13] => original_landing_domain
    [14] => full_entry_domain
    [15] => full_landing_domain
)

错误: 积分不足 (当前积分: )
2025-06-16 06:58:23 - AJAX Save QR Started
POST Data Keys: Array
(
    [0] => id
    [1] => name
    [2] => entry_domain
    [3] => landing_domain
    [4] => jump_time
    [5] => show_safe
    [6] => threshold_type
    [7] => jump_url
    [8] => threshold
    [9] => image_url
    [10] => remarks
    [11] => qr_code
    [12] => original_entry_domain
    [13] => original_landing_domain
    [14] => full_entry_domain
    [15] => full_landing_domain
)

错误: 积分不足 (当前积分: )
2025-06-16 06:58:30 - AJAX Save QR Started
POST Data Keys: Array
(
    [0] => id
    [1] => name
    [2] => entry_domain
    [3] => landing_domain
    [4] => jump_time
    [5] => show_safe
    [6] => threshold_type
    [7] => jump_url
    [8] => threshold
    [9] => image_url
    [10] => remarks
    [11] => qr_code
    [12] => original_entry_domain
    [13] => original_landing_domain
    [14] => full_entry_domain
    [15] => full_landing_domain
)

错误: 积分不足 (当前积分: )
2025-06-16 23:59:40 - AJAX Save QR Started
POST Data Keys: Array
(
    [0] => id
    [1] => name
    [2] => entry_domain
    [3] => landing_domain
    [4] => jump_time
    [5] => show_safe
    [6] => threshold_type
    [7] => jump_url
    [8] => threshold
    [9] => image_url
    [10] => remarks
    [11] => qr_code
    [12] => original_entry_domain
    [13] => original_landing_domain
    [14] => full_entry_domain
    [15] => full_landing_domain
)

错误: 积分不足 (当前积分: )
2025-06-17 00:00:08 - AJAX Save QR Started
POST Data Keys: Array
(
    [0] => id
    [1] => name
    [2] => entry_domain
    [3] => landing_domain
    [4] => jump_time
    [5] => show_safe
    [6] => threshold_type
    [7] => jump_url
    [8] => threshold
    [9] => image_url
    [10] => remarks
    [11] => qr_code
    [12] => original_entry_domain
    [13] => original_landing_domain
    [14] => full_entry_domain
    [15] => full_landing_domain
)

处理参数: id=0
处理后基本参数: name=asfasfasf, entry_domain=s68rye.1rk.hm.doro.org.cn
跳转URL数量: 1
图片数据数量: 1
开始事务处理
新增模式
使用前端提供的标识符: W$)^YOX!/24962272
执行SQL: INSERT INTO dwz_qrcode (uid, name, code, entry_domain, landing_domain, jump_time, show_safe, 
                            threshold_type, infinite_loop, remarks, addtime, updatetime, state, wechat_status) 
                            VALUES ('10004', 'asfasfasf', 'W$)^YOX!/24962272', 's68rye.1rk.hm.doro.org.cn', 'adx83u9.2ld.hm.doro.org.cn', '0', 
                            '1', '1', '0', '', '2025-06-17 00:00:08', '2025-06-17 00:00:08', 1, 1)
最终获取新插入ID: 14
生成随机二级域名: zef5n5
域名已有二级域名，添加前缀: http://s68rye.1rk.hm.doro.org.cn/qr/14
使用前端提供的完整URL生成二维码: http://s68rye.1rk.hm.doro.org.cn/qr/14
开始处理跳转链接数据，数量: 1
处理第0个链接: https://www.baidu.com
图片[0]长度: 0字节
执行插入跳转URL SQL (不显示完整SQL以避免日志过大)
提交事务
保存成功，返回ID: 14
2025-06-17 00:11:46 - AJAX Save QR Started
POST Data Keys: Array
(
    [0] => id
    [1] => name
    [2] => entry_domain
    [3] => landing_domain
    [4] => jump_time
    [5] => show_safe
    [6] => threshold_type
    [7] => jump_url
    [8] => threshold
    [9] => image_url
    [10] => remarks
    [11] => qr_code
    [12] => original_entry_domain
    [13] => original_landing_domain
    [14] => full_entry_domain
    [15] => full_landing_domain
)

处理参数: id=0
处理后基本参数: name=测试, entry_domain=d2noc2r.entry.example.com
跳转URL数量: 1
图片数据数量: 1
图片[0]类型: Base64, 长度: 26903字节
开始事务处理
新增模式
使用前端提供的标识符: PZq+uXSr/54494022
执行SQL: INSERT INTO dwz_qrcode (uid, name, code, entry_domain, landing_domain, jump_time, show_safe, 
                            threshold_type, infinite_loop, remarks, addtime, updatetime, state, wechat_status) 
                            VALUES ('10004', '测试', 'PZq+uXSr/54494022', 'd2noc2r.entry.example.com', 'gvgcv.landing.example.com', '0', 
                            '1', '1', '0', '', '2025-06-17 00:11:46', '2025-06-17 00:11:46', 1, 1)
最终获取新插入ID: 15
生成随机二级域名: 6djcyz
域名已有二级域名，添加前缀: http://d2noc2r.entry.example.com/qr/15
使用前端提供的完整URL生成二维码: http://d2noc2r.entry.example.com/qr/15
开始处理跳转链接数据，数量: 1
处理第0个链接: https://u.wechat.com/MJ-WZXz1MC-goSX2tTa8XIA
图片[0]长度: 26903字节
执行插入跳转URL SQL (不显示完整SQL以避免日志过大)
提交事务
保存成功，返回ID: 15
2025-06-17 00:13:03 - AJAX Save QR Started
POST Data Keys: Array
(
    [0] => id
    [1] => name
    [2] => entry_domain
    [3] => landing_domain
    [4] => jump_time
    [5] => show_safe
    [6] => threshold_type
    [7] => jump_url
    [8] => threshold
    [9] => image_url
    [10] => remarks
    [11] => qr_code
    [12] => original_entry_domain
    [13] => original_landing_domain
    [14] => full_entry_domain
    [15] => full_landing_domain
)

处理参数: id=0
处理后基本参数: name=Wxc xiaojiu, entry_domain=g0d90.entry.example.com
跳转URL数量: 1
图片数据数量: 1
图片[0]类型: Base64, 长度: 26903字节
开始事务处理
新增模式
使用前端提供的标识符: ^@dCi1jH/78162644
执行SQL: INSERT INTO dwz_qrcode (uid, name, code, entry_domain, landing_domain, jump_time, show_safe, 
                            threshold_type, infinite_loop, remarks, addtime, updatetime, state, wechat_status) 
                            VALUES ('10007', 'Wxc xiaojiu', '^@dCi1jH/78162644', 'g0d90.entry.example.com', 'qxm09.landing.example.com', '0', 
                            '1', '1', '0', '', '2025-06-17 00:13:03', '2025-06-17 00:13:03', 1, 1)
最终获取新插入ID: 16
生成随机二级域名: vfv9w4
域名已有二级域名，添加前缀: http://g0d90.entry.example.com/qr/16
使用前端提供的完整URL生成二维码: http://g0d90.entry.example.com/qr/16
开始处理跳转链接数据，数量: 1
处理第0个链接: https://u.wechat.com/MJ-WZXz1MC-goSX2tTa8XIA
图片[0]长度: 26903字节
执行插入跳转URL SQL (不显示完整SQL以避免日志过大)
提交事务
保存成功，返回ID: 16
2025-06-17 00:15:37 - AJAX Save QR Started
POST Data Keys: Array
(
    [0] => id
    [1] => name
    [2] => entry_domain
    [3] => landing_domain
    [4] => jump_time
    [5] => show_safe
    [6] => threshold_type
    [7] => jump_url
    [8] => threshold
    [9] => image_url
    [10] => remarks
    [11] => original_entry_domain
    [12] => original_landing_domain
    [13] => keep_original_entry
    [14] => keep_original_landing
)

2025-06-17 00:15:57 - AJAX Save QR Started
POST Data Keys: Array
(
    [0] => id
    [1] => name
    [2] => entry_domain
    [3] => landing_domain
    [4] => jump_time
    [5] => show_safe
    [6] => threshold_type
    [7] => jump_url
    [8] => threshold
    [9] => image_url
    [10] => remarks
    [11] => original_entry_domain
    [12] => original_landing_domain
    [13] => keep_original_entry
    [14] => keep_original_landing
)

2025-06-17 00:16:20 - AJAX Save QR Started
POST Data Keys: Array
(
    [0] => id
    [1] => name
    [2] => entry_domain
    [3] => landing_domain
    [4] => jump_time
    [5] => show_safe
    [6] => threshold_type
    [7] => jump_url
    [8] => threshold
    [9] => image_url
    [10] => remarks
    [11] => original_entry_domain
    [12] => original_landing_domain
    [13] => keep_original_entry
    [14] => keep_original_landing
)

2025-06-17 00:17:26 - AJAX Save QR Started
POST Data Keys: Array
(
    [0] => id
    [1] => name
    [2] => entry_domain
    [3] => landing_domain
    [4] => jump_time
    [5] => show_safe
    [6] => threshold_type
    [7] => jump_url
    [8] => threshold
    [9] => image_url
    [10] => remarks
    [11] => original_entry_domain
    [12] => original_landing_domain
    [13] => keep_original_entry
    [14] => keep_original_landing
)

2025-06-17 00:17:42 - AJAX Save QR Started
POST Data Keys: Array
(
    [0] => id
    [1] => name
    [2] => entry_domain
    [3] => landing_domain
    [4] => jump_time
    [5] => show_safe
    [6] => threshold_type
    [7] => jump_url
    [8] => threshold
    [9] => image_url
    [10] => remarks
    [11] => original_entry_domain
    [12] => original_landing_domain
    [13] => keep_original_entry
    [14] => keep_original_landing
)

2025-06-17 00:18:20 - AJAX Save QR Started
POST Data Keys: Array
(
    [0] => id
    [1] => name
    [2] => entry_domain
    [3] => landing_domain
    [4] => jump_time
    [5] => show_safe
    [6] => threshold_type
    [7] => jump_url
    [8] => threshold
    [9] => image_url
    [10] => remarks
    [11] => original_entry_domain
    [12] => original_landing_domain
    [13] => keep_original_entry
    [14] => keep_original_landing
)

2025-06-17 00:18:36 - AJAX Save QR Started
POST Data Keys: Array
(
    [0] => id
    [1] => name
    [2] => entry_domain
    [3] => landing_domain
    [4] => jump_time
    [5] => show_safe
    [6] => threshold_type
    [7] => jump_url
    [8] => threshold
    [9] => image_url
    [10] => remarks
    [11] => original_entry_domain
    [12] => original_landing_domain
    [13] => keep_original_entry
    [14] => keep_original_landing
)

2025-06-17 00:19:14 - AJAX Save QR Started
POST Data Keys: Array
(
    [0] => id
    [1] => name
    [2] => entry_domain
    [3] => landing_domain
    [4] => jump_time
    [5] => show_safe
    [6] => threshold_type
    [7] => jump_url
    [8] => threshold
    [9] => image_url
    [10] => remarks
    [11] => original_entry_domain
    [12] => original_landing_domain
    [13] => keep_original_entry
    [14] => keep_original_landing
)

2025-06-17 00:19:24 - AJAX Save QR Started
POST Data Keys: Array
(
    [0] => id
    [1] => name
    [2] => entry_domain
    [3] => landing_domain
    [4] => jump_time
    [5] => show_safe
    [6] => threshold_type
    [7] => jump_url
    [8] => threshold
    [9] => image_url
    [10] => remarks
    [11] => original_entry_domain
    [12] => original_landing_domain
    [13] => keep_original_entry
    [14] => keep_original_landing
)

2025-06-17 00:19:51 - AJAX Save QR Started
POST Data Keys: Array
(
    [0] => id
    [1] => name
    [2] => entry_domain
    [3] => landing_domain
    [4] => jump_time
    [5] => show_safe
    [6] => threshold_type
    [7] => jump_url
    [8] => threshold
    [9] => image_url
    [10] => remarks
    [11] => original_entry_domain
    [12] => original_landing_domain
    [13] => keep_original_entry
    [14] => keep_original_landing
)

2025-06-17 00:20:57 - AJAX Save QR Started
POST Data Keys: Array
(
    [0] => id
    [1] => name
    [2] => entry_domain
    [3] => landing_domain
    [4] => jump_time
    [5] => show_safe
    [6] => threshold_type
    [7] => jump_url
    [8] => threshold
    [9] => image_url
    [10] => remarks
    [11] => original_entry_domain
    [12] => original_landing_domain
    [13] => keep_original_entry
    [14] => keep_original_landing
)

2025-06-17 00:21:40 - AJAX Save QR Started
POST Data Keys: Array
(
    [0] => id
    [1] => name
    [2] => entry_domain
    [3] => landing_domain
    [4] => jump_time
    [5] => show_safe
    [6] => threshold_type
    [7] => jump_url
    [8] => threshold
    [9] => image_url
    [10] => remarks
    [11] => original_entry_domain
    [12] => original_landing_domain
    [13] => keep_original_entry
    [14] => keep_original_landing
)

2025-06-17 00:22:40 - AJAX Save QR Started
POST Data Keys: Array
(
    [0] => id
    [1] => name
    [2] => entry_domain
    [3] => landing_domain
    [4] => jump_time
    [5] => show_safe
    [6] => threshold_type
    [7] => jump_url
    [8] => threshold
    [9] => image_url
    [10] => remarks
    [11] => original_entry_domain
    [12] => original_landing_domain
    [13] => keep_original_entry
    [14] => keep_original_landing
)

2025-06-17 00:23:12 - AJAX Save QR Started
POST Data Keys: Array
(
    [0] => id
    [1] => name
    [2] => entry_domain
    [3] => landing_domain
    [4] => jump_time
    [5] => show_safe
    [6] => threshold_type
    [7] => jump_url
    [8] => threshold
    [9] => image_url
    [10] => remarks
    [11] => original_entry_domain
    [12] => original_landing_domain
    [13] => keep_original_entry
    [14] => keep_original_landing
)

2025-06-17 00:23:49 - AJAX Save QR Started
POST Data Keys: Array
(
    [0] => id
    [1] => name
    [2] => entry_domain
    [3] => landing_domain
    [4] => jump_time
    [5] => show_safe
    [6] => threshold_type
    [7] => jump_url
    [8] => threshold
    [9] => image_url
    [10] => remarks
    [11] => original_entry_domain
    [12] => original_landing_domain
    [13] => keep_original_entry
    [14] => keep_original_landing
)

2025-06-17 00:24:15 - AJAX Save QR Started
POST Data Keys: Array
(
    [0] => id
    [1] => name
    [2] => entry_domain
    [3] => landing_domain
    [4] => jump_time
    [5] => show_safe
    [6] => threshold_type
    [7] => jump_url
    [8] => threshold
    [9] => image_url
    [10] => remarks
    [11] => original_entry_domain
    [12] => original_landing_domain
    [13] => keep_original_entry
    [14] => keep_original_landing
)

2025-06-17 00:24:28 - AJAX Save QR Started
POST Data Keys: Array
(
    [0] => id
    [1] => name
    [2] => entry_domain
    [3] => landing_domain
    [4] => jump_time
    [5] => show_safe
    [6] => threshold_type
    [7] => jump_url
    [8] => threshold
    [9] => image_url
    [10] => remarks
    [11] => original_entry_domain
    [12] => original_landing_domain
    [13] => keep_original_entry
    [14] => keep_original_landing
)

2025-06-17 00:25:18 - AJAX Save QR Started
POST Data Keys: Array
(
    [0] => id
    [1] => name
    [2] => entry_domain
    [3] => landing_domain
    [4] => jump_time
    [5] => show_safe
    [6] => threshold_type
    [7] => jump_url
    [8] => threshold
    [9] => image_url
    [10] => remarks
    [11] => original_entry_domain
    [12] => original_landing_domain
    [13] => keep_original_entry
    [14] => keep_original_landing
)

2025-06-17 00:26:14 - AJAX Save QR Started
POST Data Keys: Array
(
    [0] => id
    [1] => name
    [2] => entry_domain
    [3] => landing_domain
    [4] => jump_time
    [5] => show_safe
    [6] => threshold_type
    [7] => jump_url
    [8] => threshold
    [9] => image_url
    [10] => remarks
    [11] => original_entry_domain
    [12] => original_landing_domain
    [13] => keep_original_entry
    [14] => keep_original_landing
)

2025-06-17 00:26:23 - AJAX Save QR Started
POST Data Keys: Array
(
    [0] => id
    [1] => name
    [2] => entry_domain
    [3] => landing_domain
    [4] => jump_time
    [5] => show_safe
    [6] => threshold_type
    [7] => jump_url
    [8] => threshold
    [9] => image_url
    [10] => remarks
    [11] => original_entry_domain
    [12] => original_landing_domain
    [13] => keep_original_entry
    [14] => keep_original_landing
)

处理参数: id=14
处理后基本参数: name=asfasfasf, entry_domain=s68rye.1rk.hm.doro.org.cn
跳转URL数量: 1
图片数据数量: 1
开始事务处理
更新模式: ID=14
原始入口域名: s68rye.1rk.hm.doro.org.cn, 提交的入口域名: s68rye.1rk.hm.doro.org.cn
原始落地域名: adx83u9.2ld.hm.doro.org.cn, 提交的落地域名: adx83u9.2ld.hm.doro.org.cn
保留原始入口域名: s68rye.1rk.hm.doro.org.cn
保留原始落地域名: adx83u9.2ld.hm.doro.org.cn
域名是否变更: 否 (原入口域名: s68rye.1rk.hm.doro.org.cn, 新入口域名: s68rye.1rk.hm.doro.org.cn, 原落地域名: adx83u9.2ld.hm.doro.org.cn, 新落地域名: adx83u9.2ld.hm.doro.org.cn)
执行SQL: UPDATE dwz_qrcode SET 
                            name = 'asfasfasf',
                            entry_domain = 's68rye.1rk.hm.doro.org.cn',
                            landing_domain = 'adx83u9.2ld.hm.doro.org.cn',
                            jump_time = '0',
                            show_safe = '1',
                            threshold_type = '1',
                            infinite_loop = '0',
                            remarks = '',
                            updatetime = '2025-06-17 00:26:23'
                            WHERE id = '14' AND uid = '10004'
执行SQL: DELETE FROM dwz_qrcode_data WHERE qid = '14'
域名未变更，保留原有二维码
开始处理跳转链接数据，数量: 1
处理第0个链接: https://www.baidu.com
图片[0]长度: 0字节
执行插入跳转URL SQL (不显示完整SQL以避免日志过大)
提交事务
保存成功，返回ID: 14
2025-06-17 00:28:31 - AJAX Save QR Started
POST Data Keys: Array
(
    [0] => id
    [1] => name
    [2] => entry_domain
    [3] => landing_domain
    [4] => jump_time
    [5] => show_safe
    [6] => threshold_type
    [7] => jump_url
    [8] => threshold
    [9] => image_url
    [10] => remarks
    [11] => qr_code
    [12] => original_entry_domain
    [13] => original_landing_domain
    [14] => full_entry_domain
    [15] => full_landing_domain
)

错误: 积分不足 (当前积分: 0)
2025-06-17 00:28:39 - AJAX Save QR Started
POST Data Keys: Array
(
    [0] => id
    [1] => name
    [2] => entry_domain
    [3] => landing_domain
    [4] => jump_time
    [5] => show_safe
    [6] => threshold_type
    [7] => jump_url
    [8] => threshold
    [9] => image_url
    [10] => remarks
    [11] => qr_code
    [12] => original_entry_domain
    [13] => original_landing_domain
    [14] => full_entry_domain
    [15] => full_landing_domain
)

错误: 积分不足 (当前积分: 0)
2025-06-17 00:36:48 - AJAX Save QR Started
POST Data Keys: Array
(
    [0] => id
    [1] => name
    [2] => entry_domain
    [3] => landing_domain
    [4] => jump_time
    [5] => show_safe
    [6] => threshold_type
    [7] => jump_url
    [8] => threshold
    [9] => image_url
    [10] => remarks
    [11] => qr_code
    [12] => original_entry_domain
    [13] => original_landing_domain
    [14] => full_entry_domain
    [15] => full_landing_domain
)

错误: 积分不足 (当前积分: 0)
2025-06-17 00:37:04 - AJAX Save QR Started
POST Data Keys: Array
(
    [0] => id
    [1] => name
    [2] => entry_domain
    [3] => landing_domain
    [4] => jump_time
    [5] => show_safe
    [6] => threshold_type
    [7] => jump_url
    [8] => threshold
    [9] => image_url
    [10] => remarks
    [11] => qr_code
    [12] => original_entry_domain
    [13] => original_landing_domain
    [14] => full_entry_domain
    [15] => full_landing_domain
)

处理参数: id=0
处理后基本参数: name=123, entry_domain=porhnf7.1rk.hm.doro.org.cn
跳转URL数量: 1
图片数据数量: 1
图片[0]类型: Base64, 长度: 26903字节
开始事务处理
新增模式
使用前端提供的标识符: Go+n(tE./46642570
执行SQL: INSERT INTO dwz_qrcode (uid, name, code, entry_domain, landing_domain, jump_time, show_safe, 
                            threshold_type, infinite_loop, remarks, addtime, updatetime, state, wechat_status) 
                            VALUES ('10004', '123', 'Go+n(tE./46642570', 'porhnf7.1rk.hm.doro.org.cn', 'fh54f.landing.example.com', '0', 
                            '1', '1', '0', '', '2025-06-17 00:37:04', '2025-06-17 00:37:04', 1, 1)
最终获取新插入ID: 17
生成随机二级域名: 374eo2wy
域名已有二级域名，添加前缀: http://porhnf7.1rk.hm.doro.org.cn/qr/17
使用前端提供的完整URL生成二维码: http://porhnf7.1rk.hm.doro.org.cn/qr/17
开始处理跳转链接数据，数量: 1
处理第0个链接: https://u.wechat.com/MJ-WZXz1MC-goSX2tTa8XIA
图片[0]长度: 26903字节
执行插入跳转URL SQL (不显示完整SQL以避免日志过大)
提交事务
保存成功，返回ID: 17
2025-06-17 23:26:51 - AJAX Save QR Started
POST Data Keys: Array
(
    [0] => id
    [1] => name
    [2] => entry_domain
    [3] => landing_domain
    [4] => jump_time
    [5] => show_safe
    [6] => threshold_type
    [7] => jump_url
    [8] => threshold
    [9] => image_url
    [10] => remarks
    [11] => qr_code
    [12] => original_entry_domain
    [13] => original_landing_domain
    [14] => full_entry_domain
    [15] => full_landing_domain
)

错误: 积分不足 (当前积分: 0)
2025-06-18 00:23:17 - AJAX Save QR Started
POST Data Keys: Array
(
    [0] => id
    [1] => name
    [2] => entry_domain
    [3] => landing_domain
    [4] => jump_time
    [5] => show_safe
    [6] => threshold_type
    [7] => jump_url
    [8] => threshold
    [9] => image_url
    [10] => remarks
    [11] => qr_code
    [12] => original_entry_domain
    [13] => original_landing_domain
    [14] => full_entry_domain
    [15] => full_landing_domain
)

错误: 积分不足 (当前积分: 0)
2025-06-18 00:23:33 - AJAX Save QR Started
POST Data Keys: Array
(
    [0] => id
    [1] => name
    [2] => entry_domain
    [3] => landing_domain
    [4] => jump_time
    [5] => show_safe
    [6] => threshold_type
    [7] => jump_url
    [8] => threshold
    [9] => image_url
    [10] => remarks
    [11] => qr_code
    [12] => original_entry_domain
    [13] => original_landing_domain
    [14] => full_entry_domain
    [15] => full_landing_domain
)

处理参数: id=0
处理后基本参数: name=213, entry_domain=7j8p3.1rk.hm.doro.org.cn
跳转URL数量: 1
图片数据数量: 1
图片[0]类型: Base64, 长度: 26903字节
开始事务处理
新增模式
使用前端提供的标识符: h((z2oCm/29247480
执行SQL: INSERT INTO dwz_qrcode (uid, name, code, entry_domain, landing_domain, jump_time, show_safe, 
                            threshold_type, infinite_loop, remarks, addtime, updatetime, state, wechat_status) 
                            VALUES ('10004', '213', 'h((z2oCm/29247480', '7j8p3.1rk.hm.doro.org.cn', '74vh0j.2ld.hm.doro.org.cn', '0', 
                            '1', '1', '0', '', '2025-06-18 00:23:33', '2025-06-18 00:23:33', 1, 1)
最终获取新插入ID: 18
生成随机二级域名: 7gak55a
域名已有二级域名，添加前缀: http://7j8p3.1rk.hm.doro.org.cn/qr/18
使用前端提供的完整URL生成二维码: http://7j8p3.1rk.hm.doro.org.cn/qr/18
开始处理跳转链接数据，数量: 1
处理第0个链接: https://u.wechat.com/MJ-WZXz1MC-goSX2tTa8XIA
图片[0]长度: 26903字节
执行插入跳转URL SQL (不显示完整SQL以避免日志过大)
提交事务
保存成功，返回ID: 18
2025-06-18 01:12:41 - AJAX Save QR Started
POST Data Keys: Array
(
    [0] => id
    [1] => name
    [2] => entry_domain
    [3] => landing_domain
    [4] => jump_time
    [5] => show_safe
    [6] => threshold_type
    [7] => jump_url
    [8] => threshold
    [9] => image_url
    [10] => remarks
    [11] => qr_code
    [12] => original_entry_domain
    [13] => original_landing_domain
    [14] => full_entry_domain
    [15] => full_landing_domain
)

错误: 积分不足 (当前积分: 0)
2025-06-18 20:33:58 - AJAX Save QR Started
POST Data Keys: Array
(
    [0] => id
    [1] => name
    [2] => entry_domain
    [3] => landing_domain
    [4] => jump_time
    [5] => show_safe
    [6] => threshold_type
    [7] => jump_url
    [8] => threshold
    [9] => image_url
    [10] => remarks
    [11] => qr_code
    [12] => original_entry_domain
    [13] => original_landing_domain
    [14] => full_entry_domain
    [15] => full_landing_domain
)

错误: 积分不足 (当前积分: 0)
2025-06-18 20:41:27 - AJAX Save QR Started
POST Data Keys: Array
(
    [0] => id
    [1] => name
    [2] => entry_domain
    [3] => landing_domain
    [4] => jump_time
    [5] => show_safe
    [6] => threshold_type
    [7] => jump_url
    [8] => threshold
    [9] => image_url
    [10] => remarks
    [11] => qr_code
    [12] => original_entry_domain
    [13] => original_landing_domain
    [14] => full_entry_domain
    [15] => full_landing_domain
)

处理参数: id=0
处理后基本参数: name=ccee, entry_domain=d06c2.mingzhizy7.cn
跳转URL数量: 1
图片数据数量: 1
图片[0]类型: Base64, 长度: 29503字节
开始事务处理
新增模式
使用前端提供的标识符: 8#MH0IhX/36553169
执行SQL: INSERT INTO dwz_qrcode (uid, name, code, entry_domain, landing_domain, jump_time, show_safe, 
                            threshold_type, infinite_loop, remarks, addtime, updatetime, state, wechat_status) 
                            VALUES ('10016', 'ccee', '8#MH0IhX/36553169', 'd06c2.mingzhizy7.cn', '78is9q2.harauto.cn', '0', 
                            '1', '1', '0', '', '2025-06-18 20:41:27', '2025-06-18 20:41:27', 1, 1)
最终获取新插入ID: 19
生成随机二级域名: 5hzdi
域名已有二级域名，添加前缀: http://d06c2.mingzhizy7.cn/qr/19
使用前端提供的完整URL生成二维码: http://d06c2.mingzhizy7.cn/qr/19
开始处理跳转链接数据，数量: 1
处理第0个链接: https://hlspreview.whocool.cn/getCorsFile?urlPath=aHR0cDovL2xwcGZjYy5ha3I4N28uYXJ0L2RlbW8uaHRtbA%3D%3D&&yJRb=QnxldC0BQ0chGXJHa0grChg7fyozC1pYfwkmR3dfAF4ieAQtfl0OAGBTeUYsRisCDyQ-IDUAWVR_RDRbKXR2P0MdPT01HFlSIQNmDCxKNAVdKz8&45vc=1
图片[0]长度: 29503字节
执行插入跳转URL SQL (不显示完整SQL以避免日志过大)
提交事务
保存成功，返回ID: 19
2025-06-28 09:24:00 - AJAX Save QR Started
POST Data Keys: Array
(
    [0] => id
    [1] => name
    [2] => entry_domain
    [3] => landing_domain
    [4] => jump_time
    [5] => show_safe
    [6] => threshold_type
    [7] => jump_url
    [8] => threshold
    [9] => image_url
    [10] => remarks
    [11] => qr_code
    [12] => original_entry_domain
    [13] => original_landing_domain
    [14] => full_entry_domain
    [15] => full_landing_domain
)

处理参数: id=0
处理后基本参数: name=ccc, entry_domain=4qflqj.mingzhizy7.cn
跳转URL数量: 1
图片数据数量: 1
图片[0]类型: Base64, 长度: 29503字节
开始事务处理
新增模式
使用前端提供的标识符: g5fY&FP@/69193320
执行SQL: INSERT INTO dwz_qrcode (uid, name, code, entry_domain, landing_domain, jump_time, show_safe, 
                            threshold_type, infinite_loop, remarks, addtime, updatetime, state, wechat_status) 
                            VALUES ('10015', 'ccc', 'g5fY&FP@/69193320', '4qflqj.mingzhizy7.cn', 'ugb8sy1.harauto.cn', '0', 
                            '1', '1', '0', '', '2025-06-28 09:24:00', '2025-06-28 09:24:00', 1, 1)
最终获取新插入ID: 20
生成随机二级域名: zi9ej
域名已有二级域名，添加前缀: http://4qflqj.mingzhizy7.cn/qr/20
使用前端提供的完整URL生成二维码: http://4qflqj.mingzhizy7.cn/qr/20
开始处理跳转链接数据，数量: 1
处理第0个链接: https://hlspreview.whocool.cn/getCorsFile?urlPath=aHR0cDovL2xwcGZjYy5ha3I4N28uYXJ0L2RlbW8uaHRtbA%3D%3D&&yJRb=QnxldC0BQ0chGXJHa0grChg7fyozC1pYfwkmR3dfAF4ieAQtfl0OAGBTeUYsRisCDyQ-IDUAWVR_RDRbKXR2P0MdPT01HFlSIQNmDCxKNAVdKz8&45vc=1
图片[0]长度: 29503字节
执行插入跳转URL SQL (不显示完整SQL以避免日志过大)
提交事务
保存成功，返回ID: 20
2025-06-29 21:41:24 - AJAX Save QR Started
POST Data Keys: Array
(
    [0] => id
    [1] => name
    [2] => entry_domain
    [3] => landing_domain
    [4] => jump_time
    [5] => show_safe
    [6] => threshold_type
    [7] => remarks
    [8] => qr_code
    [9] => original_entry_domain
    [10] => original_landing_domain
    [11] => full_entry_domain
    [12] => full_landing_domain
)

错误: 积分不足 (当前积分: 0)
2025-06-29 21:46:52 - AJAX Save QR Started
POST Data Keys: Array
(
    [0] => id
    [1] => name
    [2] => entry_domain
    [3] => landing_domain
    [4] => jump_time
    [5] => show_safe
    [6] => threshold_type
    [7] => infinite_loop
    [8] => remarks
    [9] => qr_code
    [10] => original_entry_domain
    [11] => original_landing_domain
    [12] => full_entry_domain
    [13] => full_landing_domain
)

处理参数: id=0
错误: 跳转地址为空
2025-06-29 22:06:48 - AJAX Save QR Started
POST Data Keys: Array
(
    [0] => id
    [1] => name
    [2] => entry_domain
    [3] => landing_domain
    [4] => jump_time
    [5] => show_safe
    [6] => threshold_type
    [7] => infinite_loop
    [8] => jump_url
    [9] => threshold
    [10] => image_url
    [11] => remarks
    [12] => qr_code
    [13] => original_entry_domain
    [14] => original_landing_domain
    [15] => full_entry_domain
    [16] => full_landing_domain
)

处理参数: id=0
处理后基本参数: name=1, entry_domain=hgjtiy6.mingzhizy7.cn
跳转URL数量: 1
图片数据数量: 1
开始事务处理
新增模式
使用前端提供的标识符: W7hltO!n/41563467
执行SQL: INSERT INTO dwz_qrcode (uid, name, code, entry_domain, landing_domain, jump_time, show_safe, 
                            threshold_type, infinite_loop, remarks, addtime, updatetime, state, wechat_status) 
                            VALUES ('10022', '1', 'W7hltO!n/41563467', 'hgjtiy6.mingzhizy7.cn', 'm71tpi.harauto.cn', '0', 
                            '1', '1', '1', '', '2025-06-29 22:06:48', '2025-06-29 22:06:48', 1, 1)
最终获取新插入ID: 21
生成随机二级域名: ubikzzp
域名已有二级域名，添加前缀: http://hgjtiy6.mingzhizy7.cn/qr/21
使用前端提供的完整URL生成二维码: http://hgjtiy6.mingzhizy7.cn/qr/21
开始处理跳转链接数据，数量: 1
处理第0个链接: https://cert.antbms.com/UUMMXckm/ne.sre,8N_fs,8r4.LT.html?d=DxsAHxlTTkIOAkVBHQdPDgMBWgICBwQfSQwaQAAZBQRVHRtACF4DGD9ePykMRlBaUl5GX19eWVhQWEJBAh0MAQ%3D%3D
图片[0]长度: 0字节
执行插入跳转URL SQL (不显示完整SQL以避免日志过大)
提交事务
保存成功，返回ID: 21
2025-06-29 22:17:35 - AJAX Save QR Started
POST Data Keys: Array
(
    [0] => id
    [1] => name
    [2] => entry_domain
    [3] => landing_domain
    [4] => jump_time
    [5] => show_safe
    [6] => threshold_type
    [7] => infinite_loop
    [8] => jump_url
    [9] => threshold
    [10] => image_url
    [11] => remarks
    [12] => original_entry_domain
    [13] => original_landing_domain
    [14] => keep_original_entry
    [15] => keep_original_landing
)

处理参数: id=21
处理后基本参数: name=1, entry_domain=hgjtiy6.mingzhizy7.cn
跳转URL数量: 1
图片数据数量: 1
开始事务处理
更新模式: ID=21
原始入口域名: hgjtiy6.mingzhizy7.cn, 提交的入口域名: hgjtiy6.mingzhizy7.cn
原始落地域名: m71tpi.harauto.cn, 提交的落地域名: m71tpi.harauto.cn
保留原始入口域名: hgjtiy6.mingzhizy7.cn
保留原始落地域名: m71tpi.harauto.cn
域名是否变更: 否 (原入口域名: hgjtiy6.mingzhizy7.cn, 新入口域名: hgjtiy6.mingzhizy7.cn, 原落地域名: m71tpi.harauto.cn, 新落地域名: m71tpi.harauto.cn)
执行SQL: UPDATE dwz_qrcode SET 
                            name = '1',
                            entry_domain = 'hgjtiy6.mingzhizy7.cn',
                            landing_domain = 'm71tpi.harauto.cn',
                            jump_time = '0',
                            show_safe = '1',
                            threshold_type = '1',
                            infinite_loop = '1',
                            remarks = '',
                            updatetime = '2025-06-29 22:17:35'
                            WHERE id = '21' AND uid = '10022'
执行SQL: DELETE FROM dwz_qrcode_data WHERE qid = '21'
域名未变更，保留原有二维码
开始处理跳转链接数据，数量: 1
处理第0个链接: https://cert.antbms.com/UUMMXckm/ne.sre,8N_fs,8r4.LT.html?d=DxsAHxlTTkIOAkVBHQdPDgMBWgICBwQfSQwaQB8IFwkDAxpACF4DGD9ePykMRlBaUl5GX1xbVlxXWURBAh0MAQ%3D%3D
图片[0]长度: 0字节
执行插入跳转URL SQL (不显示完整SQL以避免日志过大)
提交事务
保存成功，返回ID: 21
2025-06-29 22:28:18 - AJAX Save QR Started
POST Data Keys: Array
(
    [0] => id
    [1] => name
    [2] => entry_domain
    [3] => landing_domain
    [4] => jump_time
    [5] => show_safe
    [6] => threshold_type
    [7] => infinite_loop
    [8] => jump_url
    [9] => threshold
    [10] => image_url
    [11] => remarks
    [12] => original_entry_domain
    [13] => original_landing_domain
    [14] => keep_original_entry
    [15] => keep_original_landing
)

处理参数: id=21
处理后基本参数: name=1, entry_domain=hgjtiy6.mingzhizy7.cn
跳转URL数量: 1
图片数据数量: 1
图片[0]类型: Base64, 长度: 18091字节
开始事务处理
更新模式: ID=21
原始入口域名: hgjtiy6.mingzhizy7.cn, 提交的入口域名: hgjtiy6.mingzhizy7.cn
原始落地域名: m71tpi.harauto.cn, 提交的落地域名: m71tpi.harauto.cn
保留原始入口域名: hgjtiy6.mingzhizy7.cn
保留原始落地域名: m71tpi.harauto.cn
域名是否变更: 否 (原入口域名: hgjtiy6.mingzhizy7.cn, 新入口域名: hgjtiy6.mingzhizy7.cn, 原落地域名: m71tpi.harauto.cn, 新落地域名: m71tpi.harauto.cn)
执行SQL: UPDATE dwz_qrcode SET 
                            name = '1',
                            entry_domain = 'hgjtiy6.mingzhizy7.cn',
                            landing_domain = 'm71tpi.harauto.cn',
                            jump_time = '0',
                            show_safe = '1',
                            threshold_type = '1',
                            infinite_loop = '1',
                            remarks = '',
                            updatetime = '2025-06-29 22:28:18'
                            WHERE id = '21' AND uid = '10022'
执行SQL: DELETE FROM dwz_qrcode_data WHERE qid = '21'
域名未变更，保留原有二维码
开始处理跳转链接数据，数量: 1
处理第0个链接: https://cert.antbms.com/UUMMXckm/ne.sre,8N_fs,8r4.LT.html?d=DxsAHxlTTkIOAkVBHQdPDgMBWgICBwQfSQwaQB8IFwkDAxpACF4DGD9ePykMRlBaUl5GX1xbVlxXWURBAh0MAQ%3D%3D
图片[0]长度: 18091字节
执行插入跳转URL SQL (不显示完整SQL以避免日志过大)
提交事务
保存成功，返回ID: 21
2025-06-30 19:26:51 - AJAX Save QR Started
POST Data Keys: Array
(
    [0] => id
    [1] => name
    [2] => entry_domain
    [3] => landing_domain
    [4] => jump_time
    [5] => show_safe
    [6] => threshold_type
    [7] => infinite_loop
    [8] => jump_url
    [9] => threshold
    [10] => image_url
    [11] => remarks
    [12] => original_entry_domain
    [13] => original_landing_domain
    [14] => keep_original_entry
    [15] => keep_original_landing
)

处理参数: id=21
处理后基本参数: name=1, entry_domain=hgjtiy6.mingzhizy7.cn
跳转URL数量: 1
图片数据数量: 1
图片[0]类型: Base64, 长度: 18067字节
开始事务处理
更新模式: ID=21
原始入口域名: hgjtiy6.mingzhizy7.cn, 提交的入口域名: hgjtiy6.mingzhizy7.cn
原始落地域名: m71tpi.harauto.cn, 提交的落地域名: m71tpi.harauto.cn
保留原始入口域名: hgjtiy6.mingzhizy7.cn
保留原始落地域名: m71tpi.harauto.cn
域名是否变更: 否 (原入口域名: hgjtiy6.mingzhizy7.cn, 新入口域名: hgjtiy6.mingzhizy7.cn, 原落地域名: m71tpi.harauto.cn, 新落地域名: m71tpi.harauto.cn)
执行SQL: UPDATE dwz_qrcode SET 
                            name = '1',
                            entry_domain = 'hgjtiy6.mingzhizy7.cn',
                            landing_domain = 'm71tpi.harauto.cn',
                            jump_time = '0',
                            show_safe = '1',
                            threshold_type = '1',
                            infinite_loop = '1',
                            remarks = '',
                            updatetime = '2025-06-30 19:26:51'
                            WHERE id = '21' AND uid = '10022'
执行SQL: DELETE FROM dwz_qrcode_data WHERE qid = '21'
域名未变更，保留原有二维码
开始处理跳转链接数据，数量: 1
处理第0个链接: https://cert.antbms.com/UUMMXckm/ne.sre,8N_fs,8r4.LT.html?d=DxsAHxlTTkIOAkVBHQdPDgMBWgICBwQfSQwaQB8IFwkDAxpACF4DGD9ePykMRlBaUl5GX1xbVlxXWURBAh0MAQ%3D%3D
图片[0]长度: 18067字节
执行插入跳转URL SQL (不显示完整SQL以避免日志过大)
提交事务
保存成功，返回ID: 21
2025-06-30 19:28:17 - AJAX Save QR Started
POST Data Keys: Array
(
    [0] => id
    [1] => name
    [2] => entry_domain
    [3] => landing_domain
    [4] => jump_time
    [5] => show_safe
    [6] => threshold_type
    [7] => infinite_loop
    [8] => jump_url
    [9] => threshold
    [10] => image_url
    [11] => remarks
    [12] => original_entry_domain
    [13] => original_landing_domain
    [14] => keep_original_entry
    [15] => keep_original_landing
)

处理参数: id=21
处理后基本参数: name=1, entry_domain=hgjtiy6.mingzhizy7.cn
跳转URL数量: 1
图片数据数量: 1
开始事务处理
更新模式: ID=21
原始入口域名: hgjtiy6.mingzhizy7.cn, 提交的入口域名: hgjtiy6.mingzhizy7.cn
原始落地域名: m71tpi.harauto.cn, 提交的落地域名: m71tpi.harauto.cn
保留原始入口域名: hgjtiy6.mingzhizy7.cn
保留原始落地域名: m71tpi.harauto.cn
域名是否变更: 否 (原入口域名: hgjtiy6.mingzhizy7.cn, 新入口域名: hgjtiy6.mingzhizy7.cn, 原落地域名: m71tpi.harauto.cn, 新落地域名: m71tpi.harauto.cn)
执行SQL: UPDATE dwz_qrcode SET 
                            name = '1',
                            entry_domain = 'hgjtiy6.mingzhizy7.cn',
                            landing_domain = 'm71tpi.harauto.cn',
                            jump_time = '0',
                            show_safe = '1',
                            threshold_type = '1',
                            infinite_loop = '1',
                            remarks = '',
                            updatetime = '2025-06-30 19:28:17'
                            WHERE id = '21' AND uid = '10022'
执行SQL: DELETE FROM dwz_qrcode_data WHERE qid = '21'
域名未变更，保留原有二维码
开始处理跳转链接数据，数量: 1
处理第0个链接: http://sale.rsun.com/zKsIODfb/R3M.wjPO,MG@Z1g_kowb~uC.html?d=DxsAHxlTTkIOAkVBHRBPDgMBWgICBwQfSQwaQABdEwQKCA5AHwcbBRMWDiddRlBaUl5GWVpZV1hRXkxBAh0MAQ%3D%3D
图片[0]长度: 0字节
执行插入跳转URL SQL (不显示完整SQL以避免日志过大)
提交事务
保存成功，返回ID: 21
2025-06-30 19:29:40 - AJAX Save QR Started
POST Data Keys: Array
(
    [0] => id
    [1] => name
    [2] => entry_domain
    [3] => landing_domain
    [4] => jump_time
    [5] => show_safe
    [6] => threshold_type
    [7] => infinite_loop
    [8] => jump_url
    [9] => threshold
    [10] => image_url
    [11] => remarks
    [12] => original_entry_domain
    [13] => original_landing_domain
    [14] => keep_original_entry
    [15] => keep_original_landing
)

处理参数: id=21
处理后基本参数: name=1, entry_domain=hgjtiy6.mingzhizy7.cn
跳转URL数量: 1
图片数据数量: 1
开始事务处理
更新模式: ID=21
原始入口域名: hgjtiy6.mingzhizy7.cn, 提交的入口域名: hgjtiy6.mingzhizy7.cn
原始落地域名: m71tpi.harauto.cn, 提交的落地域名: m71tpi.harauto.cn
保留原始入口域名: hgjtiy6.mingzhizy7.cn
保留原始落地域名: m71tpi.harauto.cn
域名是否变更: 否 (原入口域名: hgjtiy6.mingzhizy7.cn, 新入口域名: hgjtiy6.mingzhizy7.cn, 原落地域名: m71tpi.harauto.cn, 新落地域名: m71tpi.harauto.cn)
执行SQL: UPDATE dwz_qrcode SET 
                            name = '1',
                            entry_domain = 'hgjtiy6.mingzhizy7.cn',
                            landing_domain = 'm71tpi.harauto.cn',
                            jump_time = '0',
                            show_safe = '1',
                            threshold_type = '1',
                            infinite_loop = '1',
                            remarks = '',
                            updatetime = '2025-06-30 19:29:40'
                            WHERE id = '21' AND uid = '10022'
执行SQL: DELETE FROM dwz_qrcode_data WHERE qid = '21'
域名未变更，保留原有二维码
开始处理跳转链接数据，数量: 1
处理第0个链接: http://sale.rsun.com/zKsIODfb/R3M.wjPO,MG@Z1g_kowb~uC.html?d=DxsAHxlTTkIOAkVBHRBPDgMBWgICBwQfSQwaQABdEwQKCA5AHwcbBRMWDiddRlBaUl5GWVpZV1hRXkxBAh0MAQ%3D%3D
图片[0]长度: 0字节
执行插入跳转URL SQL (不显示完整SQL以避免日志过大)
提交事务
保存成功，返回ID: 21
2025-06-30 19:37:43 - AJAX Save QR Started
POST Data Keys: Array
(
    [0] => id
    [1] => name
    [2] => entry_domain
    [3] => landing_domain
    [4] => jump_time
    [5] => show_safe
    [6] => threshold_type
    [7] => infinite_loop
    [8] => jump_url
    [9] => threshold
    [10] => image_url
    [11] => remarks
    [12] => original_entry_domain
    [13] => original_landing_domain
    [14] => keep_original_entry
    [15] => keep_original_landing
)

处理参数: id=21
处理后基本参数: name=1, entry_domain=hgjtiy6.mingzhizy7.cn
跳转URL数量: 1
图片数据数量: 1
开始事务处理
更新模式: ID=21
原始入口域名: hgjtiy6.mingzhizy7.cn, 提交的入口域名: hgjtiy6.mingzhizy7.cn
原始落地域名: m71tpi.harauto.cn, 提交的落地域名: m71tpi.harauto.cn
保留原始入口域名: hgjtiy6.mingzhizy7.cn
保留原始落地域名: m71tpi.harauto.cn
域名是否变更: 否 (原入口域名: hgjtiy6.mingzhizy7.cn, 新入口域名: hgjtiy6.mingzhizy7.cn, 原落地域名: m71tpi.harauto.cn, 新落地域名: m71tpi.harauto.cn)
执行SQL: UPDATE dwz_qrcode SET 
                            name = '1',
                            entry_domain = 'hgjtiy6.mingzhizy7.cn',
                            landing_domain = 'm71tpi.harauto.cn',
                            jump_time = '0',
                            show_safe = '1',
                            threshold_type = '1',
                            infinite_loop = '1',
                            remarks = '',
                            updatetime = '2025-06-30 19:37:43'
                            WHERE id = '21' AND uid = '10022'
执行SQL: DELETE FROM dwz_qrcode_data WHERE qid = '21'
域名未变更，保留原有二维码
开始处理跳转链接数据，数量: 1
处理第0个链接: https://cert.antbms.com/UUMMXckm/ne.sre,8N_fs,8r4.LT.html?d=DxsAHxlTTkIOAkVBHRBPDgMBWgICBwQfSQwaQBkeBh8MBg5AHwcbBRMWDiddRlBaUl5GV1ldVVpTXEVBAh0MAQ%3D%3D
图片[0]长度: 0字节
执行插入跳转URL SQL (不显示完整SQL以避免日志过大)
提交事务
保存成功，返回ID: 21
2025-06-30 19:38:37 - AJAX Save QR Started
POST Data Keys: Array
(
    [0] => id
    [1] => name
    [2] => entry_domain
    [3] => landing_domain
    [4] => jump_time
    [5] => show_safe
    [6] => threshold_type
    [7] => infinite_loop
    [8] => jump_url
    [9] => threshold
    [10] => image_url
    [11] => remarks
    [12] => original_entry_domain
    [13] => original_landing_domain
    [14] => keep_original_entry
    [15] => keep_original_landing
)

处理参数: id=21
处理后基本参数: name=1, entry_domain=hgjtiy6.mingzhizy7.cn
跳转URL数量: 1
图片数据数量: 1
开始事务处理
更新模式: ID=21
原始入口域名: hgjtiy6.mingzhizy7.cn, 提交的入口域名: hgjtiy6.mingzhizy7.cn
原始落地域名: m71tpi.harauto.cn, 提交的落地域名: m71tpi.harauto.cn
保留原始入口域名: hgjtiy6.mingzhizy7.cn
保留原始落地域名: m71tpi.harauto.cn
域名是否变更: 否 (原入口域名: hgjtiy6.mingzhizy7.cn, 新入口域名: hgjtiy6.mingzhizy7.cn, 原落地域名: m71tpi.harauto.cn, 新落地域名: m71tpi.harauto.cn)
执行SQL: UPDATE dwz_qrcode SET 
                            name = '1',
                            entry_domain = 'hgjtiy6.mingzhizy7.cn',
                            landing_domain = 'm71tpi.harauto.cn',
                            jump_time = '0',
                            show_safe = '1',
                            threshold_type = '1',
                            infinite_loop = '1',
                            remarks = '',
                            updatetime = '2025-06-30 19:38:37'
                            WHERE id = '21' AND uid = '10022'
执行SQL: DELETE FROM dwz_qrcode_data WHERE qid = '21'
域名未变更，保留原有二维码
开始处理跳转链接数据，数量: 1
处理第0个链接: http://sale.rsun.com/zKsIODfb/R3M.wjPO,MG@Z1g_kowb~uC.html?d=DxsAHxlTTkIOAkVBHRBPDgMBWgICBwQfSQwaQBoIUBcWCwVAHwcbBRMWDiddRlBaUl5GV1ldWFlVX0dBAh0MAQ%3D%3D
图片[0]长度: 0字节
执行插入跳转URL SQL (不显示完整SQL以避免日志过大)
提交事务
保存成功，返回ID: 21
2025-06-30 19:40:23 - AJAX Save QR Started
POST Data Keys: Array
(
    [0] => id
    [1] => name
    [2] => entry_domain
    [3] => landing_domain
    [4] => jump_time
    [5] => show_safe
    [6] => threshold_type
    [7] => infinite_loop
    [8] => jump_url
    [9] => threshold
    [10] => image_url
    [11] => remarks
    [12] => original_entry_domain
    [13] => original_landing_domain
    [14] => keep_original_entry
    [15] => keep_original_landing
)

处理参数: id=21
处理后基本参数: name=1, entry_domain=hgjtiy6.mingzhizy7.cn
跳转URL数量: 1
图片数据数量: 1
开始事务处理
更新模式: ID=21
原始入口域名: hgjtiy6.mingzhizy7.cn, 提交的入口域名: hgjtiy6.mingzhizy7.cn
原始落地域名: m71tpi.harauto.cn, 提交的落地域名: m71tpi.harauto.cn
保留原始入口域名: hgjtiy6.mingzhizy7.cn
保留原始落地域名: m71tpi.harauto.cn
域名是否变更: 否 (原入口域名: hgjtiy6.mingzhizy7.cn, 新入口域名: hgjtiy6.mingzhizy7.cn, 原落地域名: m71tpi.harauto.cn, 新落地域名: m71tpi.harauto.cn)
执行SQL: UPDATE dwz_qrcode SET 
                            name = '1',
                            entry_domain = 'hgjtiy6.mingzhizy7.cn',
                            landing_domain = 'm71tpi.harauto.cn',
                            jump_time = '0',
                            show_safe = '1',
                            threshold_type = '1',
                            infinite_loop = '1',
                            remarks = '',
                            updatetime = '2025-06-30 19:40:23'
                            WHERE id = '21' AND uid = '10022'
执行SQL: DELETE FROM dwz_qrcode_data WHERE qid = '21'
域名未变更，保留原有二维码
开始处理跳转链接数据，数量: 1
处理第0个链接: http://sale.rsun.com/zKsIODfb/R3M.wjPO,MG@Z1g_kowb~uC.html?d=DxsAHxlTTkIOAkVBHRBPDgMBWgICBwQfSQwaQFpQAwJXBBVAHwcbBRMWDiddRlBaUl5GV1lfUV9XWEdBAh0MAQ%3D%3D
图片[0]长度: 0字节
执行插入跳转URL SQL (不显示完整SQL以避免日志过大)
提交事务
保存成功，返回ID: 21
2025-06-30 19:42:24 - AJAX Save QR Started
POST Data Keys: Array
(
    [0] => id
    [1] => name
    [2] => entry_domain
    [3] => landing_domain
    [4] => jump_time
    [5] => show_safe
    [6] => threshold_type
    [7] => infinite_loop
    [8] => jump_url
    [9] => threshold
    [10] => image_url
    [11] => remarks
    [12] => original_entry_domain
    [13] => original_landing_domain
    [14] => keep_original_entry
    [15] => keep_original_landing
)

处理参数: id=21
处理后基本参数: name=1, entry_domain=hgjtiy6.mingzhizy7.cn
跳转URL数量: 1
图片数据数量: 1
开始事务处理
更新模式: ID=21
原始入口域名: hgjtiy6.mingzhizy7.cn, 提交的入口域名: hgjtiy6.mingzhizy7.cn
原始落地域名: m71tpi.harauto.cn, 提交的落地域名: m71tpi.harauto.cn
保留原始入口域名: hgjtiy6.mingzhizy7.cn
保留原始落地域名: m71tpi.harauto.cn
域名是否变更: 否 (原入口域名: hgjtiy6.mingzhizy7.cn, 新入口域名: hgjtiy6.mingzhizy7.cn, 原落地域名: m71tpi.harauto.cn, 新落地域名: m71tpi.harauto.cn)
执行SQL: UPDATE dwz_qrcode SET 
                            name = '1',
                            entry_domain = 'hgjtiy6.mingzhizy7.cn',
                            landing_domain = 'm71tpi.harauto.cn',
                            jump_time = '0',
                            show_safe = '1',
                            threshold_type = '1',
                            infinite_loop = '1',
                            remarks = '',
                            updatetime = '2025-06-30 19:42:24'
                            WHERE id = '21' AND uid = '10022'
执行SQL: DELETE FROM dwz_qrcode_data WHERE qid = '21'
域名未变更，保留原有二维码
开始处理跳转链接数据，数量: 1
处理第0个链接: http://vnref.shop/uD1R5I/KvBAi5.html?d=DxsAHxlTTkIOAkVBHRBPDgMBWgICBwQfSQwaQBIKAl0dXENAHwcbBRMWDiddRlBaUl5GV1leUFlSXEZBAh0MAQ%3D%3D
图片[0]长度: 0字节
执行插入跳转URL SQL (不显示完整SQL以避免日志过大)
提交事务
保存成功，返回ID: 21
2025-06-30 20:02:21 - AJAX Save QR Started
POST Data Keys: Array
(
    [0] => id
    [1] => name
    [2] => entry_domain
    [3] => landing_domain
    [4] => jump_time
    [5] => show_safe
    [6] => threshold_type
    [7] => infinite_loop
    [8] => jump_url
    [9] => threshold
    [10] => image_url
    [11] => remarks
    [12] => original_entry_domain
    [13] => original_landing_domain
    [14] => keep_original_entry
    [15] => keep_original_landing
)

处理参数: id=21
处理后基本参数: name=1, entry_domain=hgjtiy6.mingzhizy7.cn
跳转URL数量: 1
图片数据数量: 1
开始事务处理
更新模式: ID=21
原始入口域名: hgjtiy6.mingzhizy7.cn, 提交的入口域名: hgjtiy6.mingzhizy7.cn
原始落地域名: m71tpi.harauto.cn, 提交的落地域名: m71tpi.harauto.cn
保留原始入口域名: hgjtiy6.mingzhizy7.cn
保留原始落地域名: m71tpi.harauto.cn
域名是否变更: 否 (原入口域名: hgjtiy6.mingzhizy7.cn, 新入口域名: hgjtiy6.mingzhizy7.cn, 原落地域名: m71tpi.harauto.cn, 新落地域名: m71tpi.harauto.cn)
执行SQL: UPDATE dwz_qrcode SET 
                            name = '1',
                            entry_domain = 'hgjtiy6.mingzhizy7.cn',
                            landing_domain = 'm71tpi.harauto.cn',
                            jump_time = '0',
                            show_safe = '1',
                            threshold_type = '1',
                            infinite_loop = '1',
                            remarks = '',
                            updatetime = '2025-06-30 20:02:21'
                            WHERE id = '21' AND uid = '10022'
执行SQL: DELETE FROM dwz_qrcode_data WHERE qid = '21'
域名未变更，保留原有二维码
开始处理跳转链接数据，数量: 1
处理第0个链接: http://mwy9a.shop/uD1R5I/KvBAi5.html?d=DxsAHxlTTkIOAkVBHQdPDgMBWgICBwQfSQwaQFwLBB4dDQJAMhw2WwEsFR0oRlBaUl5GV15QUV1VXkRBAh0MAQ%3D%3D
图片[0]长度: 0字节
执行插入跳转URL SQL (不显示完整SQL以避免日志过大)
提交事务
保存成功，返回ID: 21
2025-06-30 20:04:39 - AJAX Save QR Started
POST Data Keys: Array
(
    [0] => id
    [1] => name
    [2] => entry_domain
    [3] => landing_domain
    [4] => jump_time
    [5] => show_safe
    [6] => threshold_type
    [7] => infinite_loop
    [8] => jump_url
    [9] => threshold
    [10] => image_url
    [11] => remarks
    [12] => original_entry_domain
    [13] => original_landing_domain
    [14] => keep_original_entry
    [15] => keep_original_landing
)

处理参数: id=21
处理后基本参数: name=1, entry_domain=hgjtiy6.mingzhizy7.cn
跳转URL数量: 1
图片数据数量: 1
开始事务处理
更新模式: ID=21
原始入口域名: hgjtiy6.mingzhizy7.cn, 提交的入口域名: hgjtiy6.mingzhizy7.cn
原始落地域名: m71tpi.harauto.cn, 提交的落地域名: m71tpi.harauto.cn
保留原始入口域名: hgjtiy6.mingzhizy7.cn
保留原始落地域名: m71tpi.harauto.cn
域名是否变更: 否 (原入口域名: hgjtiy6.mingzhizy7.cn, 新入口域名: hgjtiy6.mingzhizy7.cn, 原落地域名: m71tpi.harauto.cn, 新落地域名: m71tpi.harauto.cn)
执行SQL: UPDATE dwz_qrcode SET 
                            name = '1',
                            entry_domain = 'hgjtiy6.mingzhizy7.cn',
                            landing_domain = 'm71tpi.harauto.cn',
                            jump_time = '0',
                            show_safe = '1',
                            threshold_type = '1',
                            infinite_loop = '1',
                            remarks = '',
                            updatetime = '2025-06-30 20:04:39'
                            WHERE id = '21' AND uid = '10022'
执行SQL: DELETE FROM dwz_qrcode_data WHERE qid = '21'
域名未变更，保留原有二维码
开始处理跳转链接数据，数量: 1
处理第0个链接: https://image.trthsz.com/upload/images/916f4a11f1fe96846718a2be0019ce22.html?d=DxsAHxlTTkIOAkVBHQdPDgMBWgICBwQfSQwaQAgIAAwTGQNAMhw2WwEsFR0oRlBaUl5GV19ZUltQW0BBAh0MAQ%3D%3D
图片[0]长度: 0字节
执行插入跳转URL SQL (不显示完整SQL以避免日志过大)
提交事务
保存成功，返回ID: 21
2025-06-30 20:11:14 - AJAX Save QR Started
POST Data Keys: Array
(
    [0] => id
    [1] => name
    [2] => entry_domain
    [3] => landing_domain
    [4] => jump_time
    [5] => show_safe
    [6] => threshold_type
    [7] => infinite_loop
    [8] => jump_url
    [9] => threshold
    [10] => image_url
    [11] => remarks
    [12] => original_entry_domain
    [13] => original_landing_domain
    [14] => keep_original_entry
    [15] => keep_original_landing
)

处理参数: id=21
处理后基本参数: name=1, entry_domain=hgjtiy6.mingzhizy7.cn
跳转URL数量: 1
图片数据数量: 1
开始事务处理
更新模式: ID=21
原始入口域名: hgjtiy6.mingzhizy7.cn, 提交的入口域名: hgjtiy6.mingzhizy7.cn
原始落地域名: m71tpi.harauto.cn, 提交的落地域名: m71tpi.harauto.cn
保留原始入口域名: hgjtiy6.mingzhizy7.cn
保留原始落地域名: m71tpi.harauto.cn
域名是否变更: 否 (原入口域名: hgjtiy6.mingzhizy7.cn, 新入口域名: hgjtiy6.mingzhizy7.cn, 原落地域名: m71tpi.harauto.cn, 新落地域名: m71tpi.harauto.cn)
执行SQL: UPDATE dwz_qrcode SET 
                            name = '1',
                            entry_domain = 'hgjtiy6.mingzhizy7.cn',
                            landing_domain = 'm71tpi.harauto.cn',
                            jump_time = '0',
                            show_safe = '1',
                            threshold_type = '1',
                            infinite_loop = '1',
                            remarks = '',
                            updatetime = '2025-06-30 20:11:14'
                            WHERE id = '21' AND uid = '10022'
执行SQL: DELETE FROM dwz_qrcode_data WHERE qid = '21'
域名未变更，保留原有二维码
开始处理跳转链接数据，数量: 1
处理第0个链接: http://9a1lq.shop/uD1R5I/KvBAi5.html?d=DxsAHxlTTkIOAkVBHQdPDgMBWgICBwQfSQwaQFNRCRoBVh9AMhw2WwEsFR0oRlBaUl5GV19aV15XX0FBAh0MAQ%3D%3D
图片[0]长度: 0字节
执行插入跳转URL SQL (不显示完整SQL以避免日志过大)
提交事务
保存成功，返回ID: 21
2025-06-30 20:19:50 - AJAX Save QR Started
POST Data Keys: Array
(
    [0] => id
    [1] => name
    [2] => entry_domain
    [3] => landing_domain
    [4] => jump_time
    [5] => show_safe
    [6] => threshold_type
    [7] => infinite_loop
    [8] => jump_url
    [9] => threshold
    [10] => image_url
    [11] => remarks
    [12] => original_entry_domain
    [13] => original_landing_domain
    [14] => keep_original_entry
    [15] => keep_original_landing
)

处理参数: id=21
处理后基本参数: name=1, entry_domain=hgjtiy6.mingzhizy7.cn
跳转URL数量: 1
图片数据数量: 1
开始事务处理
更新模式: ID=21
原始入口域名: hgjtiy6.mingzhizy7.cn, 提交的入口域名: hgjtiy6.mingzhizy7.cn
原始落地域名: m71tpi.harauto.cn, 提交的落地域名: m71tpi.harauto.cn
保留原始入口域名: hgjtiy6.mingzhizy7.cn
保留原始落地域名: m71tpi.harauto.cn
域名是否变更: 否 (原入口域名: hgjtiy6.mingzhizy7.cn, 新入口域名: hgjtiy6.mingzhizy7.cn, 原落地域名: m71tpi.harauto.cn, 新落地域名: m71tpi.harauto.cn)
执行SQL: UPDATE dwz_qrcode SET 
                            name = '1',
                            entry_domain = 'hgjtiy6.mingzhizy7.cn',
                            landing_domain = 'm71tpi.harauto.cn',
                            jump_time = '0',
                            show_safe = '1',
                            threshold_type = '1',
                            infinite_loop = '1',
                            remarks = '',
                            updatetime = '2025-06-30 20:19:50'
                            WHERE id = '21' AND uid = '10022'
执行SQL: DELETE FROM dwz_qrcode_data WHERE qid = '21'
域名未变更，保留原有二维码
开始处理跳转链接数据，数量: 1
处理第0个链接: http://9a1lq.shop/uD1R5I/KvBAi5.html?d=DxsAHxlTTkIOAkVBHQdPDgMBWgICBwQfSQwaQFNRCRoBVh9AMhw2WwEsFR0oRlBaUl5GV19aV15XX0FBAh0MAQ%3D%3D
图片[0]长度: 0字节
执行插入跳转URL SQL (不显示完整SQL以避免日志过大)
提交事务
保存成功，返回ID: 21
2025-06-30 20:22:10 - AJAX Save QR Started
POST Data Keys: Array
(
    [0] => id
    [1] => name
    [2] => entry_domain
    [3] => landing_domain
    [4] => jump_time
    [5] => show_safe
    [6] => threshold_type
    [7] => infinite_loop
    [8] => jump_url
    [9] => threshold
    [10] => image_url
    [11] => remarks
    [12] => original_entry_domain
    [13] => original_landing_domain
    [14] => keep_original_entry
    [15] => keep_original_landing
)

处理参数: id=21
处理后基本参数: name=1, entry_domain=hgjtiy6.mingzhizy7.cn
跳转URL数量: 1
图片数据数量: 1
开始事务处理
更新模式: ID=21
原始入口域名: hgjtiy6.mingzhizy7.cn, 提交的入口域名: hgjtiy6.mingzhizy7.cn
原始落地域名: m71tpi.harauto.cn, 提交的落地域名: m71tpi.harauto.cn
保留原始入口域名: hgjtiy6.mingzhizy7.cn
保留原始落地域名: m71tpi.harauto.cn
域名是否变更: 否 (原入口域名: hgjtiy6.mingzhizy7.cn, 新入口域名: hgjtiy6.mingzhizy7.cn, 原落地域名: m71tpi.harauto.cn, 新落地域名: m71tpi.harauto.cn)
执行SQL: UPDATE dwz_qrcode SET 
                            name = '1',
                            entry_domain = 'hgjtiy6.mingzhizy7.cn',
                            landing_domain = 'm71tpi.harauto.cn',
                            jump_time = '0',
                            show_safe = '0',
                            threshold_type = '1',
                            infinite_loop = '1',
                            remarks = '',
                            updatetime = '2025-06-30 20:22:10'
                            WHERE id = '21' AND uid = '10022'
执行SQL: DELETE FROM dwz_qrcode_data WHERE qid = '21'
域名未变更，保留原有二维码
开始处理跳转链接数据，数量: 1
处理第0个链接: http://9a1lq.shop/uD1R5I/KvBAi5.html?d=DxsAHxlTTkIOAkVBHQdPDgMBWgICBwQfSQwaQFNRCRoBVh9AMhw2WwEsFR0oRlBaUl5GV19aV15XX0FBAh0MAQ%3D%3D
图片[0]长度: 0字节
执行插入跳转URL SQL (不显示完整SQL以避免日志过大)
提交事务
保存成功，返回ID: 21
2025-06-30 20:25:33 - AJAX Save QR Started
POST Data Keys: Array
(
    [0] => id
    [1] => name
    [2] => entry_domain
    [3] => landing_domain
    [4] => jump_time
    [5] => show_safe
    [6] => threshold_type
    [7] => infinite_loop
    [8] => jump_url
    [9] => threshold
    [10] => image_url
    [11] => remarks
    [12] => original_entry_domain
    [13] => original_landing_domain
    [14] => keep_original_entry
    [15] => keep_original_landing
)

处理参数: id=21
处理后基本参数: name=1, entry_domain=hgjtiy6.mingzhizy7.cn
跳转URL数量: 1
图片数据数量: 1
开始事务处理
更新模式: ID=21
原始入口域名: hgjtiy6.mingzhizy7.cn, 提交的入口域名: hgjtiy6.mingzhizy7.cn
原始落地域名: m71tpi.harauto.cn, 提交的落地域名: m71tpi.harauto.cn
保留原始入口域名: hgjtiy6.mingzhizy7.cn
保留原始落地域名: m71tpi.harauto.cn
域名是否变更: 否 (原入口域名: hgjtiy6.mingzhizy7.cn, 新入口域名: hgjtiy6.mingzhizy7.cn, 原落地域名: m71tpi.harauto.cn, 新落地域名: m71tpi.harauto.cn)
执行SQL: UPDATE dwz_qrcode SET 
                            name = '1',
                            entry_domain = 'hgjtiy6.mingzhizy7.cn',
                            landing_domain = 'm71tpi.harauto.cn',
                            jump_time = '0',
                            show_safe = '0',
                            threshold_type = '1',
                            infinite_loop = '1',
                            remarks = '',
                            updatetime = '2025-06-30 20:25:33'
                            WHERE id = '21' AND uid = '10022'
执行SQL: DELETE FROM dwz_qrcode_data WHERE qid = '21'
域名未变更，保留原有二维码
开始处理跳转链接数据，数量: 1
处理第0个链接: http://9a1lq.shop/uD1R5I/KvBAi5.html?d=DxsAHxlTTkIOAkVBHQdPDgMBWgICBwQfSQwaQFNRCRoBVh9AMhw2WwEsFR0oRlBaUl5GV19aV15XX0FBAh0MAQ%3D%3D
图片[0]长度: 0字节
执行插入跳转URL SQL (不显示完整SQL以避免日志过大)
提交事务
保存成功，返回ID: 21
2025-06-30 20:27:14 - AJAX Save QR Started
POST Data Keys: Array
(
    [0] => id
    [1] => name
    [2] => entry_domain
    [3] => landing_domain
    [4] => jump_time
    [5] => show_safe
    [6] => threshold_type
    [7] => infinite_loop
    [8] => jump_url
    [9] => threshold
    [10] => image_url
    [11] => remarks
    [12] => original_entry_domain
    [13] => original_landing_domain
    [14] => keep_original_entry
    [15] => keep_original_landing
)

处理参数: id=21
处理后基本参数: name=1, entry_domain=hgjtiy6.mingzhizy7.cn
跳转URL数量: 1
图片数据数量: 1
开始事务处理
更新模式: ID=21
原始入口域名: hgjtiy6.mingzhizy7.cn, 提交的入口域名: hgjtiy6.mingzhizy7.cn
原始落地域名: m71tpi.harauto.cn, 提交的落地域名: m71tpi.harauto.cn
保留原始入口域名: hgjtiy6.mingzhizy7.cn
保留原始落地域名: m71tpi.harauto.cn
域名是否变更: 否 (原入口域名: hgjtiy6.mingzhizy7.cn, 新入口域名: hgjtiy6.mingzhizy7.cn, 原落地域名: m71tpi.harauto.cn, 新落地域名: m71tpi.harauto.cn)
执行SQL: UPDATE dwz_qrcode SET 
                            name = '1',
                            entry_domain = 'hgjtiy6.mingzhizy7.cn',
                            landing_domain = 'm71tpi.harauto.cn',
                            jump_time = '0',
                            show_safe = '0',
                            threshold_type = '1',
                            infinite_loop = '1',
                            remarks = '',
                            updatetime = '2025-06-30 20:27:14'
                            WHERE id = '21' AND uid = '10022'
执行SQL: DELETE FROM dwz_qrcode_data WHERE qid = '21'
域名未变更，保留原有二维码
开始处理跳转链接数据，数量: 1
处理第0个链接: http://9a1lq.shop/uD1R5I/KvBAi5.html?d=DxsAHxlTTkIOAkVBHQdPDgMBWgICBwQfSQwaQFNRCRoBVh9AMhw2WwEsFR0oRlBaUl5GV19aV15XX0FBAh0MAQ%3D%3D
图片[0]长度: 0字节
执行插入跳转URL SQL (不显示完整SQL以避免日志过大)
提交事务
保存成功，返回ID: 21
2025-07-01 01:07:40 - AJAX Save QR Started
POST Data Keys: Array
(
    [0] => id
    [1] => name
    [2] => entry_domain
    [3] => landing_domain
    [4] => jump_time
    [5] => show_safe
    [6] => threshold_type
    [7] => jump_url
    [8] => threshold
    [9] => image_url
    [10] => remarks
    [11] => qr_code
    [12] => original_entry_domain
    [13] => original_landing_domain
    [14] => full_entry_domain
    [15] => full_landing_domain
)

错误: 积分不足 (当前积分: 0)
2025-07-01 01:10:43 - AJAX Save QR Started
POST Data Keys: Array
(
    [0] => id
    [1] => name
    [2] => entry_domain
    [3] => landing_domain
    [4] => jump_time
    [5] => show_safe
    [6] => threshold_type
    [7] => jump_url
    [8] => threshold
    [9] => image_url
    [10] => remarks
    [11] => qr_code
    [12] => original_entry_domain
    [13] => original_landing_domain
    [14] => full_entry_domain
    [15] => full_landing_domain
)

错误: 积分不足 (当前积分: 0)
2025-07-01 22:41:24 - AJAX Save QR Started
POST Data Keys: Array
(
    [0] => id
    [1] => name
    [2] => entry_domain
    [3] => landing_domain
    [4] => jump_time
    [5] => show_safe
    [6] => threshold_type
    [7] => infinite_loop
    [8] => jump_url
    [9] => threshold
    [10] => image_url
    [11] => remarks
    [12] => original_entry_domain
    [13] => original_landing_domain
    [14] => keep_original_entry
    [15] => keep_original_landing
)

处理参数: id=21
处理后基本参数: name=1, entry_domain=hgjtiy6.mingzhizy7.cn
跳转URL数量: 1
图片数据数量: 1
开始事务处理
更新模式: ID=21
原始入口域名: hgjtiy6.mingzhizy7.cn, 提交的入口域名: hgjtiy6.mingzhizy7.cn
原始落地域名: m71tpi.harauto.cn, 提交的落地域名: m71tpi.harauto.cn
保留原始入口域名: hgjtiy6.mingzhizy7.cn
保留原始落地域名: m71tpi.harauto.cn
域名是否变更: 否 (原入口域名: hgjtiy6.mingzhizy7.cn, 新入口域名: hgjtiy6.mingzhizy7.cn, 原落地域名: m71tpi.harauto.cn, 新落地域名: m71tpi.harauto.cn)
执行SQL: UPDATE dwz_qrcode SET 
                            name = '1',
                            entry_domain = 'hgjtiy6.mingzhizy7.cn',
                            landing_domain = 'm71tpi.harauto.cn',
                            jump_time = '0',
                            show_safe = '0',
                            threshold_type = '1',
                            infinite_loop = '1',
                            remarks = '',
                            updatetime = '2025-07-01 22:41:24'
                            WHERE id = '21' AND uid = '10022'
执行SQL: DELETE FROM dwz_qrcode_data WHERE qid = '21'
域名未变更，保留原有二维码
开始处理跳转链接数据，数量: 1
处理第0个链接: http://mall.jtyxh.com/Uploads/image/goods/2025-06-29/1772767311235698.htm?d=DxsAHxlTTkIOAkVBCxpPDgMBWgICBwQfSQwaQAEDEF4AFRBAOAcwIjU4Ahs6RlBaUl5HV1pfU19RWEdBAh0MAQ%3D%3D
图片[0]长度: 0字节
执行插入跳转URL SQL (不显示完整SQL以避免日志过大)
提交事务
保存成功，返回ID: 21
2025-07-03 16:58:50 - AJAX Save QR Started
POST Data Keys: Array
(
    [0] => id
    [1] => name
    [2] => entry_domain
    [3] => landing_domain
    [4] => show_safe
    [5] => threshold_type
    [6] => image_url
    [7] => remarks
    [8] => qr_code
    [9] => original_entry_domain
    [10] => original_landing_domain
    [11] => full_entry_domain
    [12] => full_landing_domain
)

错误: 积分不足 (当前积分: 0)
2025-07-04 12:00:46 - AJAX Save QR Started
POST Data Keys: Array
(
    [0] => id
    [1] => name
    [2] => entry_domain
    [3] => landing_domain
    [4] => jump_time
    [5] => show_safe
    [6] => threshold_type
    [7] => remarks
    [8] => qr_code
    [9] => original_entry_domain
    [10] => original_landing_domain
    [11] => full_entry_domain
    [12] => full_landing_domain
)

错误: 积分不足 (当前积分: 0)
2025-07-04 12:08:23 - AJAX Save QR Started
POST Data Keys: Array
(
    [0] => id
    [1] => name
    [2] => entry_domain
    [3] => landing_domain
    [4] => jump_time
    [5] => show_safe
    [6] => threshold_type
    [7] => jump_url
    [8] => threshold
    [9] => image_url
    [10] => remarks
    [11] => qr_code
    [12] => original_entry_domain
    [13] => original_landing_domain
    [14] => full_entry_domain
    [15] => full_landing_domain
)

处理参数: id=0
处理后基本参数: name=付, entry_domain=hdsf67js.tfhanjie.com.cn
跳转URL数量: 1
图片数据数量: 1
图片[0]类型: Base64, 长度: 32691字节
开始事务处理
新增模式
使用前端提供的标识符: cSx0f(Bp/69459515
执行SQL: INSERT INTO dwz_qrcode (uid, name, code, entry_domain, landing_domain, jump_time, show_safe, 
                            threshold_type, infinite_loop, remarks, addtime, updatetime, state, wechat_status) 
                            VALUES ('10023', '付', 'cSx0f(Bp/69459515', 'hdsf67js.tfhanjie.com.cn', 'nm37j.kjasfy.cn', '1', 
                            '1', '1', '0', '', '2025-07-04 12:08:23', '2025-07-04 12:08:23', 1, 1)
最终获取新插入ID: 22
生成随机二级域名: y676twi
域名已有二级域名，添加前缀: http://hdsf67js.tfhanjie.com.cn/qr/22
使用前端提供的完整URL生成二维码: http://hdsf67js.tfhanjie.com.cn/qr/22
开始处理跳转链接数据，数量: 1
处理第0个链接: http://YT3d82.jiankuyaile.ix.tc?u=AaO1d7wC&id=49323&feed=lj&type=0
图片[0]长度: 32691字节
执行插入跳转URL SQL (不显示完整SQL以避免日志过大)
提交事务
保存成功，返回ID: 22
2025-07-04 12:10:21 - AJAX Save QR Started
POST Data Keys: Array
(
    [0] => id
    [1] => name
    [2] => entry_domain
    [3] => landing_domain
    [4] => jump_time
    [5] => show_safe
    [6] => threshold_type
    [7] => jump_url
    [8] => threshold
    [9] => image_url
    [10] => remarks
    [11] => original_entry_domain
    [12] => original_landing_domain
    [13] => keep_original_entry
    [14] => keep_original_landing
)

处理参数: id=22
处理后基本参数: name=付, entry_domain=hdsf67js.tfhanjie.com.cn
跳转URL数量: 1
图片数据数量: 1
图片[0]类型: Base64, 长度: 32635字节
开始事务处理
更新模式: ID=22
原始入口域名: hdsf67js.tfhanjie.com.cn, 提交的入口域名: hdsf67js.tfhanjie.com.cn
原始落地域名: nm37j.kjasfy.cn, 提交的落地域名: nm37j.kjasfy.cn
保留原始入口域名: hdsf67js.tfhanjie.com.cn
保留原始落地域名: nm37j.kjasfy.cn
域名是否变更: 否 (原入口域名: hdsf67js.tfhanjie.com.cn, 新入口域名: hdsf67js.tfhanjie.com.cn, 原落地域名: nm37j.kjasfy.cn, 新落地域名: nm37j.kjasfy.cn)
执行SQL: UPDATE dwz_qrcode SET 
                            name = '付',
                            entry_domain = 'hdsf67js.tfhanjie.com.cn',
                            landing_domain = 'nm37j.kjasfy.cn',
                            jump_time = '1',
                            show_safe = '1',
                            threshold_type = '1',
                            infinite_loop = '0',
                            remarks = '',
                            updatetime = '2025-07-04 12:10:21'
                            WHERE id = '22' AND uid = '10023'
执行SQL: DELETE FROM dwz_qrcode_data WHERE qid = '22'
域名未变更，保留原有二维码
开始处理跳转链接数据，数量: 1
处理第0个链接: http://YT3d82.jiankuyaile.ix.tc?u=AaO1d7wC&id=49323&feed=lj&type=0
图片[0]长度: 32635字节
执行插入跳转URL SQL (不显示完整SQL以避免日志过大)
提交事务
保存成功，返回ID: 22
2025-07-04 14:02:24 - AJAX Save QR Started
POST Data Keys: Array
(
    [0] => id
    [1] => name
    [2] => entry_domain
    [3] => landing_domain
    [4] => jump_time
    [5] => show_safe
    [6] => threshold_type
    [7] => jump_url
    [8] => threshold
    [9] => image_url
    [10] => remarks
    [11] => original_entry_domain
    [12] => original_landing_domain
    [13] => keep_original_entry
    [14] => keep_original_landing
)

处理参数: id=22
处理后基本参数: name=付, entry_domain=hdsf67js.tfhanjie.com.cn
跳转URL数量: 1
图片数据数量: 1
图片[0]类型: Base64, 长度: 32655字节
开始事务处理
更新模式: ID=22
原始入口域名: hdsf67js.tfhanjie.com.cn, 提交的入口域名: hdsf67js.tfhanjie.com.cn
原始落地域名: nm37j.kjasfy.cn, 提交的落地域名: nm37j.kjasfy.cn
保留原始入口域名: hdsf67js.tfhanjie.com.cn
保留原始落地域名: nm37j.kjasfy.cn
域名是否变更: 否 (原入口域名: hdsf67js.tfhanjie.com.cn, 新入口域名: hdsf67js.tfhanjie.com.cn, 原落地域名: nm37j.kjasfy.cn, 新落地域名: nm37j.kjasfy.cn)
执行SQL: UPDATE dwz_qrcode SET 
                            name = '付',
                            entry_domain = 'hdsf67js.tfhanjie.com.cn',
                            landing_domain = 'nm37j.kjasfy.cn',
                            jump_time = '1',
                            show_safe = '1',
                            threshold_type = '1',
                            infinite_loop = '0',
                            remarks = '',
                            updatetime = '2025-07-04 14:02:24'
                            WHERE id = '22' AND uid = '10023'
执行SQL: DELETE FROM dwz_qrcode_data WHERE qid = '22'
域名未变更，保留原有二维码
开始处理跳转链接数据，数量: 1
处理第0个链接: http://YT3d82.jiankuyaile.ix.tc?u=AaO1d7wC&id=49323&feed=lj&type=0
图片[0]长度: 32655字节
执行插入跳转URL SQL (不显示完整SQL以避免日志过大)
提交事务
保存成功，返回ID: 22
2025-07-04 14:38:01 - AJAX Save QR Started
POST Data Keys: Array
(
    [0] => id
    [1] => name
    [2] => entry_domain
    [3] => landing_domain
    [4] => jump_time
    [5] => show_safe
    [6] => threshold_type
    [7] => jump_url
    [8] => threshold
    [9] => image_url
    [10] => remarks
    [11] => original_entry_domain
    [12] => original_landing_domain
    [13] => keep_original_entry
    [14] => keep_original_landing
)

处理参数: id=22
处理后基本参数: name=付, entry_domain=hdsf67js.tfhanjie.com.cn
跳转URL数量: 1
图片数据数量: 1
图片[0]类型: Base64, 长度: 32615字节
开始事务处理
更新模式: ID=22
原始入口域名: hdsf67js.tfhanjie.com.cn, 提交的入口域名: hdsf67js.tfhanjie.com.cn
原始落地域名: nm37j.kjasfy.cn, 提交的落地域名: nm37j.kjasfy.cn
保留原始入口域名: hdsf67js.tfhanjie.com.cn
保留原始落地域名: nm37j.kjasfy.cn
域名是否变更: 否 (原入口域名: hdsf67js.tfhanjie.com.cn, 新入口域名: hdsf67js.tfhanjie.com.cn, 原落地域名: nm37j.kjasfy.cn, 新落地域名: nm37j.kjasfy.cn)
执行SQL: UPDATE dwz_qrcode SET 
                            name = '付',
                            entry_domain = 'hdsf67js.tfhanjie.com.cn',
                            landing_domain = 'nm37j.kjasfy.cn',
                            jump_time = '1',
                            show_safe = '1',
                            threshold_type = '1',
                            infinite_loop = '0',
                            remarks = '',
                            updatetime = '2025-07-04 14:38:01'
                            WHERE id = '22' AND uid = '10023'
执行SQL: DELETE FROM dwz_qrcode_data WHERE qid = '22'
域名未变更，保留原有二维码
开始处理跳转链接数据，数量: 1
处理第0个链接: http://stwsmp.cn/muzi/?token=aHZwdnswIyF0dSAjYWhoKQ5VQElFSAJNXh1fAEsMRUo4bRQleB14LWAUBnlpbWlvVlNUX1BbXlhJXBwCFRY
图片[0]长度: 32615字节
执行插入跳转URL SQL (不显示完整SQL以避免日志过大)
提交事务
保存成功，返回ID: 22
2025-07-04 14:39:17 - AJAX Save QR Started
POST Data Keys: Array
(
    [0] => id
    [1] => name
    [2] => entry_domain
    [3] => landing_domain
    [4] => jump_time
    [5] => show_safe
    [6] => threshold_type
    [7] => jump_url
    [8] => threshold
    [9] => image_url
    [10] => remarks
    [11] => original_entry_domain
    [12] => original_landing_domain
    [13] => keep_original_entry
    [14] => keep_original_landing
)

处理参数: id=22
处理后基本参数: name=付, entry_domain=hdsf67js.tfhanjie.com.cn
跳转URL数量: 1
图片数据数量: 1
图片[0]类型: Base64, 长度: 32631字节
开始事务处理
更新模式: ID=22
原始入口域名: hdsf67js.tfhanjie.com.cn, 提交的入口域名: hdsf67js.tfhanjie.com.cn
原始落地域名: nm37j.kjasfy.cn, 提交的落地域名: nm37j.kjasfy.cn
保留原始入口域名: hdsf67js.tfhanjie.com.cn
保留原始落地域名: nm37j.kjasfy.cn
域名是否变更: 否 (原入口域名: hdsf67js.tfhanjie.com.cn, 新入口域名: hdsf67js.tfhanjie.com.cn, 原落地域名: nm37j.kjasfy.cn, 新落地域名: nm37j.kjasfy.cn)
执行SQL: UPDATE dwz_qrcode SET 
                            name = '付',
                            entry_domain = 'hdsf67js.tfhanjie.com.cn',
                            landing_domain = 'nm37j.kjasfy.cn',
                            jump_time = '1',
                            show_safe = '1',
                            threshold_type = '1',
                            infinite_loop = '0',
                            remarks = '',
                            updatetime = '2025-07-04 14:39:17'
                            WHERE id = '22' AND uid = '10023'
执行SQL: DELETE FROM dwz_qrcode_data WHERE qid = '22'
域名未变更，保留原有二维码
开始处理跳转链接数据，数量: 1
处理第0个链接: http://stwsmp.cn/muzi/?token=aHZwdnswIyF0dSAjYWhoKQ5VQElFSAJNXh1fAEsMRUo4bRQleB14LWAUBnlpbWlvVlNUX1BbXlhJXBwCFRY
图片[0]长度: 32631字节
执行插入跳转URL SQL (不显示完整SQL以避免日志过大)
提交事务
保存成功，返回ID: 22
2025-07-04 14:41:02 - AJAX Save QR Started
POST Data Keys: Array
(
    [0] => id
    [1] => name
    [2] => entry_domain
    [3] => landing_domain
    [4] => jump_time
    [5] => show_safe
    [6] => threshold_type
    [7] => jump_url
    [8] => threshold
    [9] => image_url
    [10] => remarks
    [11] => original_entry_domain
    [12] => original_landing_domain
    [13] => keep_original_entry
    [14] => keep_original_landing
)

处理参数: id=22
处理后基本参数: name=付, entry_domain=mingzhizy7.cn
跳转URL数量: 1
图片数据数量: 1
图片[0]类型: Base64, 长度: 32615字节
开始事务处理
更新模式: ID=22
原始入口域名: hdsf67js.tfhanjie.com.cn, 提交的入口域名: mingzhizy7.cn
原始落地域名: nm37j.kjasfy.cn, 提交的落地域名: harauto.cn
使用新的入口域名: mingzhizy7.cn
使用新的落地域名: harauto.cn
域名是否变更: 是 (原入口域名: hdsf67js.tfhanjie.com.cn, 新入口域名: mingzhizy7.cn, 原落地域名: nm37j.kjasfy.cn, 新落地域名: harauto.cn)
执行SQL: UPDATE dwz_qrcode SET 
                            name = '付',
                            entry_domain = 'mingzhizy7.cn',
                            landing_domain = 'harauto.cn',
                            jump_time = '1',
                            show_safe = '1',
                            threshold_type = '1',
                            infinite_loop = '0',
                            remarks = '',
                            updatetime = '2025-07-04 14:41:02'
                            WHERE id = '22' AND uid = '10023'
执行SQL: DELETE FROM dwz_qrcode_data WHERE qid = '22'
域名已变更，重新生成二维码
生成随机二级域名: gaail
域名添加前缀和随机二级域名: http://gaail.mingzhizy7.cn/cSx0f(Bp/69459515
更新模式生成二维码，内容为: http://gaail.mingzhizy7.cn/cSx0f(Bp/69459515
开始处理跳转链接数据，数量: 1
处理第0个链接: http://stwsmp.cn/muzi/?token=aHZwdnswIyF0dSAjYWhoKQ5VQElFSAJNXh1fAEsMRUo4bRQleB14LWAUBnlpbWlvVlNUX1BbXlhJXBwCFRY
图片[0]长度: 32615字节
执行插入跳转URL SQL (不显示完整SQL以避免日志过大)
提交事务
保存成功，返回ID: 22
2025-07-04 14:50:00 - AJAX Save QR Started
POST Data Keys: Array
(
    [0] => id
    [1] => name
    [2] => entry_domain
    [3] => landing_domain
    [4] => jump_time
    [5] => show_safe
    [6] => threshold_type
    [7] => jump_url
    [8] => threshold
    [9] => image_url
    [10] => remarks
    [11] => original_entry_domain
    [12] => original_landing_domain
    [13] => keep_original_entry
    [14] => keep_original_landing
)

处理参数: id=22
处理后基本参数: name=付, entry_domain=mingzhizy7.cn
跳转URL数量: 1
图片数据数量: 1
图片[0]类型: Base64, 长度: 32615字节
开始事务处理
更新模式: ID=22
原始入口域名: mingzhizy7.cn, 提交的入口域名: mingzhizy7.cn
原始落地域名: harauto.cn, 提交的落地域名: harauto.cn
保留原始入口域名: mingzhizy7.cn
保留原始落地域名: harauto.cn
域名是否变更: 否 (原入口域名: mingzhizy7.cn, 新入口域名: mingzhizy7.cn, 原落地域名: harauto.cn, 新落地域名: harauto.cn)
执行SQL: UPDATE dwz_qrcode SET 
                            name = '付',
                            entry_domain = 'mingzhizy7.cn',
                            landing_domain = 'harauto.cn',
                            jump_time = '0',
                            show_safe = '1',
                            threshold_type = '1',
                            infinite_loop = '0',
                            remarks = '',
                            updatetime = '2025-07-04 14:50:00'
                            WHERE id = '22' AND uid = '10023'
执行SQL: DELETE FROM dwz_qrcode_data WHERE qid = '22'
域名未变更，保留原有二维码
开始处理跳转链接数据，数量: 1
处理第0个链接: http://anjuaj.cn/muzi/?token=aHZwdnswIyF0dSAjYWhoKQ5VQElFSAJNXh1MBUJDClhybRQleB14LWAUBnlpbWlvVlNVUV9cX1pFXBwCFRY
图片[0]长度: 32615字节
执行插入跳转URL SQL (不显示完整SQL以避免日志过大)
提交事务
保存成功，返回ID: 22
2025-07-04 14:51:36 - AJAX Save QR Started
POST Data Keys: Array
(
    [0] => id
    [1] => name
    [2] => entry_domain
    [3] => landing_domain
    [4] => jump_time
    [5] => show_safe
    [6] => threshold_type
    [7] => jump_url
    [8] => threshold
    [9] => image_url
    [10] => remarks
    [11] => original_entry_domain
    [12] => original_landing_domain
    [13] => keep_original_entry
    [14] => keep_original_landing
)

处理参数: id=22
处理后基本参数: name=付, entry_domain=mingzhizy7.cn
跳转URL数量: 1
图片数据数量: 1
图片[0]类型: Base64, 长度: 32615字节
开始事务处理
更新模式: ID=22
原始入口域名: mingzhizy7.cn, 提交的入口域名: mingzhizy7.cn
原始落地域名: harauto.cn, 提交的落地域名: harauto.cn
保留原始入口域名: mingzhizy7.cn
保留原始落地域名: harauto.cn
域名是否变更: 否 (原入口域名: mingzhizy7.cn, 新入口域名: mingzhizy7.cn, 原落地域名: harauto.cn, 新落地域名: harauto.cn)
执行SQL: UPDATE dwz_qrcode SET 
                            name = '付',
                            entry_domain = 'mingzhizy7.cn',
                            landing_domain = 'harauto.cn',
                            jump_time = '1',
                            show_safe = '1',
                            threshold_type = '1',
                            infinite_loop = '0',
                            remarks = '',
                            updatetime = '2025-07-04 14:51:36'
                            WHERE id = '22' AND uid = '10023'
执行SQL: DELETE FROM dwz_qrcode_data WHERE qid = '22'
域名未变更，保留原有二维码
开始处理跳转链接数据，数量: 1
处理第0个链接: http://anjuaj.cn/muzi/?token=aHZwdnswIyF0dSAjYWhoKQ5VQElFSAJNXh1MBUJDClhybRQleB14LWAUBnlpbWlvVlNVUV9cX1pFXBwCFRY
图片[0]长度: 32615字节
执行插入跳转URL SQL (不显示完整SQL以避免日志过大)
提交事务
保存成功，返回ID: 22
2025-07-04 14:54:01 - AJAX Save QR Started
POST Data Keys: Array
(
    [0] => id
    [1] => name
    [2] => entry_domain
    [3] => landing_domain
    [4] => jump_time
    [5] => show_safe
    [6] => threshold_type
    [7] => jump_url
    [8] => threshold
    [9] => image_url
    [10] => remarks
    [11] => original_entry_domain
    [12] => original_landing_domain
    [13] => keep_original_entry
    [14] => keep_original_landing
)

处理参数: id=22
处理后基本参数: name=付, entry_domain=mingzhizy7.cn
跳转URL数量: 1
图片数据数量: 1
图片[0]类型: Base64, 长度: 32631字节
开始事务处理
更新模式: ID=22
原始入口域名: mingzhizy7.cn, 提交的入口域名: mingzhizy7.cn
原始落地域名: harauto.cn, 提交的落地域名: harauto.cn
保留原始入口域名: mingzhizy7.cn
保留原始落地域名: harauto.cn
域名是否变更: 否 (原入口域名: mingzhizy7.cn, 新入口域名: mingzhizy7.cn, 原落地域名: harauto.cn, 新落地域名: harauto.cn)
执行SQL: UPDATE dwz_qrcode SET 
                            name = '付',
                            entry_domain = 'mingzhizy7.cn',
                            landing_domain = 'harauto.cn',
                            jump_time = '1',
                            show_safe = '1',
                            threshold_type = '1',
                            infinite_loop = '0',
                            remarks = '',
                            updatetime = '2025-07-04 14:54:01'
                            WHERE id = '22' AND uid = '10023'
执行SQL: DELETE FROM dwz_qrcode_data WHERE qid = '22'
域名未变更，保留原有二维码
开始处理跳转链接数据，数量: 1
处理第0个链接: http://mntftg.cn/muzi/?token=aHZwdnswIyF0dSAjYWhoKQ5VQElFSAJNXh1VRFFNS0Z5bRQleB14LWAUBnlpbWlvVlNWVlpcW1tCXBwCFRY
图片[0]长度: 32631字节
执行插入跳转URL SQL (不显示完整SQL以避免日志过大)
提交事务
保存成功，返回ID: 22
2025-07-04 15:02:26 - AJAX Save QR Started
POST Data Keys: Array
(
    [0] => id
    [1] => name
    [2] => entry_domain
    [3] => landing_domain
    [4] => jump_time
    [5] => show_safe
    [6] => threshold_type
    [7] => jump_url
    [8] => threshold
    [9] => image_url
    [10] => remarks
    [11] => original_entry_domain
    [12] => original_landing_domain
    [13] => keep_original_entry
    [14] => keep_original_landing
)

处理参数: id=22
处理后基本参数: name=付, entry_domain=mingzhizy7.cn
跳转URL数量: 1
图片数据数量: 1
图片[0]类型: Base64, 长度: 32631字节
开始事务处理
更新模式: ID=22
原始入口域名: mingzhizy7.cn, 提交的入口域名: mingzhizy7.cn
原始落地域名: harauto.cn, 提交的落地域名: harauto.cn
保留原始入口域名: mingzhizy7.cn
保留原始落地域名: harauto.cn
域名是否变更: 否 (原入口域名: mingzhizy7.cn, 新入口域名: mingzhizy7.cn, 原落地域名: harauto.cn, 新落地域名: harauto.cn)
执行SQL: UPDATE dwz_qrcode SET 
                            name = '付',
                            entry_domain = 'mingzhizy7.cn',
                            landing_domain = 'harauto.cn',
                            jump_time = '1',
                            show_safe = '1',
                            threshold_type = '1',
                            infinite_loop = '0',
                            remarks = '',
                            updatetime = '2025-07-04 15:02:26'
                            WHERE id = '22' AND uid = '10023'
执行SQL: DELETE FROM dwz_qrcode_data WHERE qid = '22'
域名未变更，保留原有二维码
开始处理跳转链接数据，数量: 1
处理第0个链接: http://v7p4k.my/2/3/?token=aHZwdnswIyF0dSAjYWhoKQ5VQElFSAJNXh1eWVFPRlgtbRQleB14LWAUBnlpbWlvVlNWU1pTWV1EXBwCFRY
图片[0]长度: 32631字节
执行插入跳转URL SQL (不显示完整SQL以避免日志过大)
提交事务
保存成功，返回ID: 22
2025-07-04 15:05:27 - AJAX Save QR Started
POST Data Keys: Array
(
    [0] => id
    [1] => name
    [2] => entry_domain
    [3] => landing_domain
    [4] => jump_time
    [5] => show_safe
    [6] => threshold_type
    [7] => jump_url
    [8] => threshold
    [9] => image_url
    [10] => remarks
    [11] => original_entry_domain
    [12] => original_landing_domain
    [13] => keep_original_entry
    [14] => keep_original_landing
)

处理参数: id=22
处理后基本参数: name=付, entry_domain=mingzhizy7.cn
跳转URL数量: 1
图片数据数量: 1
图片[0]类型: Base64, 长度: 32615字节
开始事务处理
更新模式: ID=22
原始入口域名: mingzhizy7.cn, 提交的入口域名: mingzhizy7.cn
原始落地域名: harauto.cn, 提交的落地域名: harauto.cn
保留原始入口域名: mingzhizy7.cn
保留原始落地域名: harauto.cn
域名是否变更: 否 (原入口域名: mingzhizy7.cn, 新入口域名: mingzhizy7.cn, 原落地域名: harauto.cn, 新落地域名: harauto.cn)
执行SQL: UPDATE dwz_qrcode SET 
                            name = '付',
                            entry_domain = 'mingzhizy7.cn',
                            landing_domain = 'harauto.cn',
                            jump_time = '1',
                            show_safe = '1',
                            threshold_type = '1',
                            infinite_loop = '0',
                            remarks = '',
                            updatetime = '2025-07-04 15:05:27'
                            WHERE id = '22' AND uid = '10023'
执行SQL: DELETE FROM dwz_qrcode_data WHERE qid = '22'
域名未变更，保留原有二维码
开始处理跳转链接数据，数量: 1
处理第0个链接: http://hvmbfq.cn/muzi/?token=aHZwdnswIyF0dSAjYWhoKQ5VQElFSAJNXh1XRFFQCFEnbRQleB14LWAUBnlpbWlvVlNWUVlYWFxIXBwCFRY
图片[0]长度: 32615字节
执行插入跳转URL SQL (不显示完整SQL以避免日志过大)
提交事务
保存成功，返回ID: 22
2025-07-04 15:14:01 - AJAX Save QR Started
POST Data Keys: Array
(
    [0] => id
    [1] => name
    [2] => entry_domain
    [3] => landing_domain
    [4] => jump_time
    [5] => show_safe
    [6] => threshold_type
    [7] => jump_url
    [8] => threshold
    [9] => image_url
    [10] => remarks
    [11] => original_entry_domain
    [12] => original_landing_domain
    [13] => keep_original_entry
    [14] => keep_original_landing
)

处理参数: id=22
处理后基本参数: name=付, entry_domain=mingzhizy7.cn
跳转URL数量: 1
图片数据数量: 1
图片[0]类型: Base64, 长度: 32623字节
开始事务处理
更新模式: ID=22
原始入口域名: mingzhizy7.cn, 提交的入口域名: mingzhizy7.cn
原始落地域名: harauto.cn, 提交的落地域名: harauto.cn
保留原始入口域名: mingzhizy7.cn
保留原始落地域名: harauto.cn
域名是否变更: 否 (原入口域名: mingzhizy7.cn, 新入口域名: mingzhizy7.cn, 原落地域名: harauto.cn, 新落地域名: harauto.cn)
执行SQL: UPDATE dwz_qrcode SET 
                            name = '付',
                            entry_domain = 'mingzhizy7.cn',
                            landing_domain = 'harauto.cn',
                            jump_time = '1',
                            show_safe = '1',
                            threshold_type = '1',
                            infinite_loop = '0',
                            remarks = '',
                            updatetime = '2025-07-04 15:14:01'
                            WHERE id = '22' AND uid = '10023'
执行SQL: DELETE FROM dwz_qrcode_data WHERE qid = '22'
域名未变更，保留原有二维码
开始处理跳转链接数据，数量: 1
处理第0个链接: http://z5td2.my/2/3/?token=aHZwdnswIyF0dSAjYWhoKQ5VQElFSAJNXh1bV01YBU0mbRQleB14LWAUBnlpbWlvVlNXVFpcVFxDXBwCFRY
图片[0]长度: 32623字节
执行插入跳转URL SQL (不显示完整SQL以避免日志过大)
提交事务
保存成功，返回ID: 22
2025-07-04 15:23:38 - AJAX Save QR Started
POST Data Keys: Array
(
    [0] => id
    [1] => name
    [2] => entry_domain
    [3] => landing_domain
    [4] => jump_time
    [5] => show_safe
    [6] => threshold_type
    [7] => jump_url
    [8] => threshold
    [9] => image_url
    [10] => remarks
    [11] => original_entry_domain
    [12] => original_landing_domain
    [13] => keep_original_entry
    [14] => keep_original_landing
)

处理参数: id=22
处理后基本参数: name=付, entry_domain=mingzhizy7.cn
跳转URL数量: 1
图片数据数量: 1
图片[0]类型: Base64, 长度: 32631字节
开始事务处理
更新模式: ID=22
原始入口域名: mingzhizy7.cn, 提交的入口域名: mingzhizy7.cn
原始落地域名: harauto.cn, 提交的落地域名: harauto.cn
保留原始入口域名: mingzhizy7.cn
保留原始落地域名: harauto.cn
域名是否变更: 否 (原入口域名: mingzhizy7.cn, 新入口域名: mingzhizy7.cn, 原落地域名: harauto.cn, 新落地域名: harauto.cn)
执行SQL: UPDATE dwz_qrcode SET 
                            name = '付',
                            entry_domain = 'mingzhizy7.cn',
                            landing_domain = 'harauto.cn',
                            jump_time = '1',
                            show_safe = '1',
                            threshold_type = '1',
                            infinite_loop = '0',
                            remarks = '',
                            updatetime = '2025-07-04 15:23:38'
                            WHERE id = '22' AND uid = '10023'
执行SQL: DELETE FROM dwz_qrcode_data WHERE qid = '22'
域名未变更，保留原有二维码
开始处理跳转链接数据，数量: 1
处理第0个链接: http://apabof.cn/muzi/?token=aHZwdnswIyF0dSAjYWhoKQ5VQElFSAJNXh1BUUxMU04tbRQleB14LWAUBnlpbWlvVlNXXlheXV9AXBwCFRY
图片[0]长度: 32631字节
执行插入跳转URL SQL (不显示完整SQL以避免日志过大)
提交事务
保存成功，返回ID: 22
2025-07-04 15:27:56 - AJAX Save QR Started
POST Data Keys: Array
(
    [0] => id
    [1] => name
    [2] => entry_domain
    [3] => landing_domain
    [4] => jump_time
    [5] => show_safe
    [6] => threshold_type
    [7] => jump_url
    [8] => threshold
    [9] => image_url
    [10] => remarks
    [11] => original_entry_domain
    [12] => original_landing_domain
    [13] => keep_original_entry
    [14] => keep_original_landing
)

处理参数: id=22
处理后基本参数: name=付, entry_domain=mingzhizy7.cn
跳转URL数量: 1
图片数据数量: 1
图片[0]类型: Base64, 长度: 32639字节
开始事务处理
更新模式: ID=22
原始入口域名: mingzhizy7.cn, 提交的入口域名: mingzhizy7.cn
原始落地域名: harauto.cn, 提交的落地域名: harauto.cn
保留原始入口域名: mingzhizy7.cn
保留原始落地域名: harauto.cn
域名是否变更: 否 (原入口域名: mingzhizy7.cn, 新入口域名: mingzhizy7.cn, 原落地域名: harauto.cn, 新落地域名: harauto.cn)
执行SQL: UPDATE dwz_qrcode SET 
                            name = '付',
                            entry_domain = 'mingzhizy7.cn',
                            landing_domain = 'harauto.cn',
                            jump_time = '1',
                            show_safe = '1',
                            threshold_type = '1',
                            infinite_loop = '0',
                            remarks = '',
                            updatetime = '2025-07-04 15:27:56'
                            WHERE id = '22' AND uid = '10023'
执行SQL: DELETE FROM dwz_qrcode_data WHERE qid = '22'
域名未变更，保留原有二维码
开始处理跳转链接数据，数量: 1
处理第0个链接: http://apabof.cn/muzi/?token=aHZwdnswIyF0dSAjYWhoKQ5VQElFSAJNXh1BUUxMU04tbRQleB14LWAUBnlpbWlvVlNXXlheXV9AXBwCFRY
图片[0]长度: 32639字节
执行插入跳转URL SQL (不显示完整SQL以避免日志过大)
提交事务
保存成功，返回ID: 22
2025-07-04 15:35:05 - AJAX Save QR Started
POST Data Keys: Array
(
    [0] => id
    [1] => name
    [2] => entry_domain
    [3] => landing_domain
    [4] => jump_time
    [5] => show_safe
    [6] => threshold_type
    [7] => jump_url
    [8] => threshold
    [9] => image_url
    [10] => remarks
    [11] => original_entry_domain
    [12] => original_landing_domain
    [13] => keep_original_entry
    [14] => keep_original_landing
)

处理参数: id=22
处理后基本参数: name=付, entry_domain=mingzhizy7.cn
跳转URL数量: 1
图片数据数量: 1
图片[0]类型: Base64, 长度: 32639字节
开始事务处理
更新模式: ID=22
原始入口域名: mingzhizy7.cn, 提交的入口域名: mingzhizy7.cn
原始落地域名: harauto.cn, 提交的落地域名: harauto.cn
保留原始入口域名: mingzhizy7.cn
保留原始落地域名: harauto.cn
域名是否变更: 否 (原入口域名: mingzhizy7.cn, 新入口域名: mingzhizy7.cn, 原落地域名: harauto.cn, 新落地域名: harauto.cn)
执行SQL: UPDATE dwz_qrcode SET 
                            name = '付',
                            entry_domain = 'mingzhizy7.cn',
                            landing_domain = 'harauto.cn',
                            jump_time = '1',
                            show_safe = '1',
                            threshold_type = '1',
                            infinite_loop = '0',
                            remarks = '',
                            updatetime = '2025-07-04 15:35:05'
                            WHERE id = '22' AND uid = '10023'
执行SQL: DELETE FROM dwz_qrcode_data WHERE qid = '22'
域名未变更，保留原有二维码
开始处理跳转链接数据，数量: 1
处理第0个链接: http://gnewg.my/2/3/?token=aHZwdnswIyF0dSAjYWhoKQ5VQElFSAJNXh0CD1tZW1YjbRQleB14LWAUBnlpbWlvVlNQUlBfXV1EXBwCFRY
图片[0]长度: 32639字节
执行插入跳转URL SQL (不显示完整SQL以避免日志过大)
提交事务
保存成功，返回ID: 22
2025-07-04 15:38:55 - AJAX Save QR Started
POST Data Keys: Array
(
    [0] => id
    [1] => name
    [2] => entry_domain
    [3] => landing_domain
    [4] => jump_time
    [5] => show_safe
    [6] => threshold_type
    [7] => jump_url
    [8] => threshold
    [9] => image_url
    [10] => remarks
    [11] => original_entry_domain
    [12] => original_landing_domain
    [13] => keep_original_entry
    [14] => keep_original_landing
)

处理参数: id=22
处理后基本参数: name=付, entry_domain=mingzhizy7.cn
跳转URL数量: 1
图片数据数量: 1
图片[0]类型: Base64, 长度: 32639字节
开始事务处理
更新模式: ID=22
原始入口域名: mingzhizy7.cn, 提交的入口域名: mingzhizy7.cn
原始落地域名: harauto.cn, 提交的落地域名: harauto.cn
保留原始入口域名: mingzhizy7.cn
保留原始落地域名: harauto.cn
域名是否变更: 否 (原入口域名: mingzhizy7.cn, 新入口域名: mingzhizy7.cn, 原落地域名: harauto.cn, 新落地域名: harauto.cn)
执行SQL: UPDATE dwz_qrcode SET 
                            name = '付',
                            entry_domain = 'mingzhizy7.cn',
                            landing_domain = 'harauto.cn',
                            jump_time = '1',
                            show_safe = '1',
                            threshold_type = '1',
                            infinite_loop = '0',
                            remarks = '',
                            updatetime = '2025-07-04 15:38:55'
                            WHERE id = '22' AND uid = '10023'
执行SQL: DELETE FROM dwz_qrcode_data WHERE qid = '22'
域名未变更，保留原有二维码
开始处理跳转链接数据，数量: 1
处理第0个链接: http://jtk3t.my/2/3/?token=aHZwdnswIyF0dSAjYWhoKQ5VQElFSAJNXh1dR05RRkwibRQleB14LWAUBnlpbWlvVlNQUVpYXFxCXBwCFRY
图片[0]长度: 32639字节
执行插入跳转URL SQL (不显示完整SQL以避免日志过大)
提交事务
保存成功，返回ID: 22
2025-07-04 18:49:56 - AJAX Save QR Started
POST Data Keys: Array
(
    [0] => id
    [1] => name
    [2] => entry_domain
    [3] => landing_domain
    [4] => jump_time
    [5] => show_safe
    [6] => threshold_type
    [7] => jump_url
    [8] => threshold
    [9] => image_url
    [10] => remarks
    [11] => original_entry_domain
    [12] => original_landing_domain
    [13] => keep_original_entry
    [14] => keep_original_landing
)

处理参数: id=22
处理后基本参数: name=付, entry_domain=mingzhizy7.cn
跳转URL数量: 1
图片数据数量: 1
图片[0]类型: Base64, 长度: 32639字节
开始事务处理
更新模式: ID=22
原始入口域名: mingzhizy7.cn, 提交的入口域名: mingzhizy7.cn
原始落地域名: harauto.cn, 提交的落地域名: harauto.cn
保留原始入口域名: mingzhizy7.cn
保留原始落地域名: harauto.cn
域名是否变更: 否 (原入口域名: mingzhizy7.cn, 新入口域名: mingzhizy7.cn, 原落地域名: harauto.cn, 新落地域名: harauto.cn)
执行SQL: UPDATE dwz_qrcode SET 
                            name = '付',
                            entry_domain = 'mingzhizy7.cn',
                            landing_domain = 'harauto.cn',
                            jump_time = '1',
                            show_safe = '1',
                            threshold_type = '1',
                            infinite_loop = '0',
                            remarks = '',
                            updatetime = '2025-07-04 18:49:56'
                            WHERE id = '22' AND uid = '10023'
执行SQL: DELETE FROM dwz_qrcode_data WHERE qid = '22'
域名未变更，保留原有二维码
开始处理跳转链接数据，数量: 1
处理第0个链接: http://g1z75.my/2/3/?token=aHZwdnswIyF0dSAjYWhoKQ5VQElFSAJNXh1dVVBeX0YubRQleB14LWAUBnlpbWlvVlBSV15TVV9BXBwCFRY
图片[0]长度: 32639字节
执行插入跳转URL SQL (不显示完整SQL以避免日志过大)
提交事务
保存成功，返回ID: 22
2025-07-04 18:55:58 - AJAX Save QR Started
POST Data Keys: Array
(
    [0] => id
    [1] => name
    [2] => entry_domain
    [3] => landing_domain
    [4] => jump_time
    [5] => show_safe
    [6] => threshold_type
    [7] => jump_url
    [8] => threshold
    [9] => image_url
    [10] => remarks
    [11] => original_entry_domain
    [12] => original_landing_domain
    [13] => keep_original_entry
    [14] => keep_original_landing
)

处理参数: id=22
处理后基本参数: name=付, entry_domain=mingzhizy7.cn
跳转URL数量: 1
图片数据数量: 1
图片[0]类型: Base64, 长度: 32639字节
开始事务处理
更新模式: ID=22
原始入口域名: mingzhizy7.cn, 提交的入口域名: mingzhizy7.cn
原始落地域名: harauto.cn, 提交的落地域名: harauto.cn
保留原始入口域名: mingzhizy7.cn
保留原始落地域名: harauto.cn
域名是否变更: 否 (原入口域名: mingzhizy7.cn, 新入口域名: mingzhizy7.cn, 原落地域名: harauto.cn, 新落地域名: harauto.cn)
执行SQL: UPDATE dwz_qrcode SET 
                            name = '付',
                            entry_domain = 'mingzhizy7.cn',
                            landing_domain = 'harauto.cn',
                            jump_time = '1',
                            show_safe = '1',
                            threshold_type = '1',
                            infinite_loop = '0',
                            remarks = '',
                            updatetime = '2025-07-04 18:55:58'
                            WHERE id = '22' AND uid = '10023'
执行SQL: DELETE FROM dwz_qrcode_data WHERE qid = '22'
域名未变更，保留原有二维码
开始处理跳转链接数据，数量: 1
处理第0个链接: http://82gmila288.sgblnvjk.museum.tt/ljnnjic/pcfmzycxvjgw3nvhu1r9c42c9t5yq429sass53fqwvwipwz3t.shtml?u=HscKCaGn&id=83875&feed=hb&type=0
图片[0]长度: 32639字节
执行插入跳转URL SQL (不显示完整SQL以避免日志过大)
提交事务
保存成功，返回ID: 22
2025-07-07 16:42:44 - AJAX Save QR Started
POST Data Keys: Array
(
    [0] => id
    [1] => name
    [2] => entry_domain
    [3] => landing_domain
    [4] => jump_time
    [5] => show_safe
    [6] => threshold_type
    [7] => jump_url
    [8] => threshold
    [9] => image_url
    [10] => remarks
    [11] => original_entry_domain
    [12] => original_landing_domain
    [13] => keep_original_entry
    [14] => keep_original_landing
)

处理参数: id=22
处理后基本参数: name=付, entry_domain=mingzhizy7.cn
跳转URL数量: 1
图片数据数量: 1
图片[0]类型: Base64, 长度: 32639字节
开始事务处理
更新模式: ID=22
原始入口域名: mingzhizy7.cn, 提交的入口域名: mingzhizy7.cn
原始落地域名: harauto.cn, 提交的落地域名: harauto.cn
保留原始入口域名: mingzhizy7.cn
保留原始落地域名: harauto.cn
域名是否变更: 否 (原入口域名: mingzhizy7.cn, 新入口域名: mingzhizy7.cn, 原落地域名: harauto.cn, 新落地域名: harauto.cn)
执行SQL: UPDATE dwz_qrcode SET 
                            name = '付',
                            entry_domain = 'mingzhizy7.cn',
                            landing_domain = 'harauto.cn',
                            jump_time = '1',
                            show_safe = '1',
                            threshold_type = '1',
                            infinite_loop = '0',
                            remarks = '',
                            updatetime = '2025-07-07 16:42:44'
                            WHERE id = '22' AND uid = '10023'
执行SQL: DELETE FROM dwz_qrcode_data WHERE qid = '22'
域名未变更，保留原有二维码
开始处理跳转链接数据，数量: 1
处理第0个链接: http://82gmila288.sgblnvjk.museum.tt/ljnnjic/pcfmzycxvjgw3nvhu1r9c42c9t5yq429sass53fqwvwipwz3t.shtml?u=HscKCaGn&id=83875&feed=hb&type=0
图片[0]长度: 32639字节
执行插入跳转URL SQL (不显示完整SQL以避免日志过大)
提交事务
保存成功，返回ID: 22
2025-07-07 16:44:21 - AJAX Save QR Started
POST Data Keys: Array
(
    [0] => id
    [1] => name
    [2] => entry_domain
    [3] => landing_domain
    [4] => jump_time
    [5] => show_safe
    [6] => threshold_type
    [7] => jump_url
    [8] => threshold
    [9] => image_url
    [10] => remarks
    [11] => original_entry_domain
    [12] => original_landing_domain
    [13] => keep_original_entry
    [14] => keep_original_landing
)

处理参数: id=22
处理后基本参数: name=付, entry_domain=mingzhizy7.cn
跳转URL数量: 1
图片数据数量: 1
图片[0]类型: Base64, 长度: 32639字节
开始事务处理
更新模式: ID=22
原始入口域名: mingzhizy7.cn, 提交的入口域名: mingzhizy7.cn
原始落地域名: harauto.cn, 提交的落地域名: harauto.cn
保留原始入口域名: mingzhizy7.cn
保留原始落地域名: harauto.cn
域名是否变更: 否 (原入口域名: mingzhizy7.cn, 新入口域名: mingzhizy7.cn, 原落地域名: harauto.cn, 新落地域名: harauto.cn)
执行SQL: UPDATE dwz_qrcode SET 
                            name = '付',
                            entry_domain = 'mingzhizy7.cn',
                            landing_domain = 'harauto.cn',
                            jump_time = '1',
                            show_safe = '1',
                            threshold_type = '1',
                            infinite_loop = '0',
                            remarks = '',
                            updatetime = '2025-07-07 16:44:21'
                            WHERE id = '22' AND uid = '10023'
执行SQL: DELETE FROM dwz_qrcode_data WHERE qid = '22'
域名未变更，保留原有二维码
开始处理跳转链接数据，数量: 1
处理第0个链接: http://p8hpc.my/2/3/?token=aHZwdnswIyFqf3wjYmh-Zg5VQElFSAJNXh1cBl1KDAc1bScEJCQBAWI6JnlpbWlvWFVTXlxTVVtCXBwCFRY
图片[0]长度: 32639字节
执行插入跳转URL SQL (不显示完整SQL以避免日志过大)
提交事务
保存成功，返回ID: 22
2025-07-07 16:45:54 - AJAX Save QR Started
POST Data Keys: Array
(
    [0] => id
    [1] => name
    [2] => entry_domain
    [3] => landing_domain
    [4] => jump_time
    [5] => show_safe
    [6] => threshold_type
    [7] => jump_url
    [8] => threshold
    [9] => image_url
    [10] => remarks
    [11] => original_entry_domain
    [12] => original_landing_domain
    [13] => keep_original_entry
    [14] => keep_original_landing
)

处理参数: id=22
处理后基本参数: name=付, entry_domain=mingzhizy7.cn
跳转URL数量: 1
图片数据数量: 1
图片[0]类型: Base64, 长度: 32639字节
开始事务处理
更新模式: ID=22
原始入口域名: mingzhizy7.cn, 提交的入口域名: mingzhizy7.cn
原始落地域名: harauto.cn, 提交的落地域名: harauto.cn
保留原始入口域名: mingzhizy7.cn
保留原始落地域名: harauto.cn
域名是否变更: 否 (原入口域名: mingzhizy7.cn, 新入口域名: mingzhizy7.cn, 原落地域名: harauto.cn, 新落地域名: harauto.cn)
执行SQL: UPDATE dwz_qrcode SET 
                            name = '付',
                            entry_domain = 'mingzhizy7.cn',
                            landing_domain = 'harauto.cn',
                            jump_time = '1',
                            show_safe = '1',
                            threshold_type = '1',
                            infinite_loop = '0',
                            remarks = '',
                            updatetime = '2025-07-07 16:45:54'
                            WHERE id = '22' AND uid = '10023'
执行SQL: DELETE FROM dwz_qrcode_data WHERE qid = '22'
域名未变更，保留原有二维码
开始处理跳转链接数据，数量: 1
处理第0个链接: http://wdmzaa.cn/muzi/?token=aHZwdnswIyFqf3wjYmh-Zg5VQElFSAJNXh1WTFRcV1gnbScEJCQBAWI6JnlpbWlvWFVTX1xeWl5GXBwCFRY
图片[0]长度: 32639字节
执行插入跳转URL SQL (不显示完整SQL以避免日志过大)
提交事务
保存成功，返回ID: 22
2025-07-07 16:48:15 - AJAX Save QR Started
POST Data Keys: Array
(
    [0] => id
    [1] => name
    [2] => entry_domain
    [3] => landing_domain
    [4] => jump_time
    [5] => show_safe
    [6] => threshold_type
    [7] => jump_url
    [8] => threshold
    [9] => image_url
    [10] => remarks
    [11] => original_entry_domain
    [12] => original_landing_domain
    [13] => keep_original_entry
    [14] => keep_original_landing
)

处理参数: id=22
处理后基本参数: name=付, entry_domain=mingzhizy7.cn
跳转URL数量: 1
图片数据数量: 1
图片[0]类型: Base64, 长度: 32639字节
开始事务处理
更新模式: ID=22
原始入口域名: mingzhizy7.cn, 提交的入口域名: mingzhizy7.cn
原始落地域名: harauto.cn, 提交的落地域名: harauto.cn
保留原始入口域名: mingzhizy7.cn
保留原始落地域名: harauto.cn
域名是否变更: 否 (原入口域名: mingzhizy7.cn, 新入口域名: mingzhizy7.cn, 原落地域名: harauto.cn, 新落地域名: harauto.cn)
执行SQL: UPDATE dwz_qrcode SET 
                            name = '付',
                            entry_domain = 'mingzhizy7.cn',
                            landing_domain = 'harauto.cn',
                            jump_time = '1',
                            show_safe = '1',
                            threshold_type = '1',
                            infinite_loop = '0',
                            remarks = '',
                            updatetime = '2025-07-07 16:48:15'
                            WHERE id = '22' AND uid = '10023'
执行SQL: DELETE FROM dwz_qrcode_data WHERE qid = '22'
域名未变更，保留原有二维码
开始处理跳转链接数据，数量: 1
处理第0个链接: http://p8hpc.my/2/3/?token=aHZwdnswIyFqf3wjYmh-Zg5VQElFSAJNXh0GW1ACWkckbScEJCQBAWI6JnlpbWlvWFVcVl9YWF9GXBwCFRY
图片[0]长度: 32639字节
执行插入跳转URL SQL (不显示完整SQL以避免日志过大)
提交事务
保存成功，返回ID: 22
2025-07-07 16:49:50 - AJAX Save QR Started
POST Data Keys: Array
(
    [0] => id
    [1] => name
    [2] => entry_domain
    [3] => landing_domain
    [4] => jump_time
    [5] => show_safe
    [6] => threshold_type
    [7] => jump_url
    [8] => threshold
    [9] => image_url
    [10] => remarks
    [11] => qr_code
    [12] => original_entry_domain
    [13] => original_landing_domain
    [14] => full_entry_domain
    [15] => full_landing_domain
)

处理参数: id=0
处理后基本参数: name=付, entry_domain=e641kf.cqhuangjin.cn
跳转URL数量: 1
图片数据数量: 1
图片[0]类型: Base64, 长度: 32691字节
开始事务处理
新增模式
使用前端提供的标识符: YaSZ$%Ch/65615488
执行SQL: INSERT INTO dwz_qrcode (uid, name, code, entry_domain, landing_domain, jump_time, show_safe, 
                            threshold_type, infinite_loop, remarks, addtime, updatetime, state, wechat_status) 
                            VALUES ('10023', '付', 'YaSZ$%Ch/65615488', 'e641kf.cqhuangjin.cn', 'mhz33.mysy5800.com', '1', 
                            '1', '1', '0', '', '2025-07-07 16:49:50', '2025-07-07 16:49:50', 1, 1)
最终获取新插入ID: 23
生成随机二级域名: d9ibj91v
域名已有二级域名，添加前缀: http://e641kf.cqhuangjin.cn/qr/23
使用前端提供的完整URL生成二维码: http://e641kf.cqhuangjin.cn/qr/23
开始处理跳转链接数据，数量: 1
处理第0个链接: http://YT3d82.jiankuyaile.ix.tc?u=AaO1d7wC&id=49323&feed=lj&type=0
图片[0]长度: 32691字节
执行插入跳转URL SQL (不显示完整SQL以避免日志过大)
提交事务
保存成功，返回ID: 23
2025-07-07 16:56:26 - AJAX Save QR Started
POST Data Keys: Array
(
    [0] => id
    [1] => name
    [2] => entry_domain
    [3] => landing_domain
    [4] => jump_time
    [5] => show_safe
    [6] => threshold_type
    [7] => jump_url
    [8] => threshold
    [9] => image_url
    [10] => remarks
    [11] => original_entry_domain
    [12] => original_landing_domain
    [13] => keep_original_entry
    [14] => keep_original_landing
)

处理参数: id=23
处理后基本参数: name=付, entry_domain=e641kf.cqhuangjin.cn
跳转URL数量: 1
图片数据数量: 1
图片[0]类型: Base64, 长度: 32635字节
开始事务处理
更新模式: ID=23
原始入口域名: e641kf.cqhuangjin.cn, 提交的入口域名: e641kf.cqhuangjin.cn
原始落地域名: mhz33.mysy5800.com, 提交的落地域名: mhz33.mysy5800.com
保留原始入口域名: e641kf.cqhuangjin.cn
保留原始落地域名: mhz33.mysy5800.com
域名是否变更: 否 (原入口域名: e641kf.cqhuangjin.cn, 新入口域名: e641kf.cqhuangjin.cn, 原落地域名: mhz33.mysy5800.com, 新落地域名: mhz33.mysy5800.com)
执行SQL: UPDATE dwz_qrcode SET 
                            name = '付',
                            entry_domain = 'e641kf.cqhuangjin.cn',
                            landing_domain = 'mhz33.mysy5800.com',
                            jump_time = '1',
                            show_safe = '1',
                            threshold_type = '1',
                            infinite_loop = '0',
                            remarks = '',
                            updatetime = '2025-07-07 16:56:26'
                            WHERE id = '23' AND uid = '10023'
执行SQL: DELETE FROM dwz_qrcode_data WHERE qid = '23'
域名未变更，保留原有二维码
开始处理跳转链接数据，数量: 1
处理第0个链接: http://down.wedomi.cn/98S9ym/45g8j.xhtml?t=yCTFuwCyan
图片[0]长度: 32635字节
执行插入跳转URL SQL (不显示完整SQL以避免日志过大)
提交事务
保存成功，返回ID: 23
2025-07-07 17:54:07 - AJAX Save QR Started
POST Data Keys: Array
(
    [0] => id
    [1] => name
    [2] => entry_domain
    [3] => landing_domain
    [4] => jump_time
    [5] => show_safe
    [6] => threshold_type
    [7] => jump_url
    [8] => threshold
    [9] => image_url
    [10] => remarks
    [11] => original_entry_domain
    [12] => original_landing_domain
    [13] => keep_original_entry
    [14] => keep_original_landing
)

处理参数: id=23
处理后基本参数: name=付, entry_domain=e641kf.cqhuangjin.cn
跳转URL数量: 1
图片数据数量: 1
图片[0]类型: Base64, 长度: 32655字节
开始事务处理
更新模式: ID=23
原始入口域名: e641kf.cqhuangjin.cn, 提交的入口域名: e641kf.cqhuangjin.cn
原始落地域名: mhz33.mysy5800.com, 提交的落地域名: mhz33.mysy5800.com
保留原始入口域名: e641kf.cqhuangjin.cn
保留原始落地域名: mhz33.mysy5800.com
域名是否变更: 否 (原入口域名: e641kf.cqhuangjin.cn, 新入口域名: e641kf.cqhuangjin.cn, 原落地域名: mhz33.mysy5800.com, 新落地域名: mhz33.mysy5800.com)
执行SQL: UPDATE dwz_qrcode SET 
                            name = '付',
                            entry_domain = 'e641kf.cqhuangjin.cn',
                            landing_domain = 'mhz33.mysy5800.com',
                            jump_time = '1',
                            show_safe = '1',
                            threshold_type = '1',
                            infinite_loop = '0',
                            remarks = '',
                            updatetime = '2025-07-07 17:54:07'
                            WHERE id = '23' AND uid = '10023'
执行SQL: DELETE FROM dwz_qrcode_data WHERE qid = '23'
域名未变更，保留原有二维码
开始处理跳转链接数据，数量: 1
处理第0个链接: http://jtd9999.vip/7rL0V/JemHNr.xhtml?t=yCTFuwCyan
图片[0]长度: 32655字节
执行插入跳转URL SQL (不显示完整SQL以避免日志过大)
提交事务
保存成功，返回ID: 23
2025-07-08 15:53:27 - AJAX Save QR Started
POST Data Keys: Array
(
    [0] => id
    [1] => name
    [2] => entry_domain
    [3] => landing_domain
    [4] => jump_time
    [5] => show_safe
    [6] => threshold_type
    [7] => jump_url
    [8] => threshold
    [9] => image_url
    [10] => remarks
    [11] => qr_code
    [12] => original_entry_domain
    [13] => original_landing_domain
    [14] => full_entry_domain
    [15] => full_landing_domain
)

处理参数: id=0
处理后基本参数: name=ccee, entry_domain=4w4me8.hnchmy.cn
跳转URL数量: 1
图片数据数量: 1
开始事务处理
新增模式
使用前端提供的标识符: 0H_kRo3-/14288993
执行SQL: INSERT INTO dwz_qrcode (uid, name, code, entry_domain, landing_domain, jump_time, show_safe, 
                            threshold_type, infinite_loop, remarks, addtime, updatetime, state, wechat_status) 
                            VALUES ('10016', 'ccee', '0H_kRo3-/14288993', '4w4me8.hnchmy.cn', 'f6qaqm.yinjuzi.cn', '0', 
                            '1', '1', '0', '', '2025-07-08 15:53:27', '2025-07-08 15:53:27', 1, 1)
最终获取新插入ID: 24
生成随机二级域名: 9c976ed
域名已有二级域名，添加前缀: http://4w4me8.hnchmy.cn/qr/24
使用前端提供的完整URL生成二维码: http://4w4me8.hnchmy.cn/qr/24
开始处理跳转链接数据，数量: 1
处理第0个链接: https://etyu.cc
图片[0]长度: 0字节
执行插入跳转URL SQL (不显示完整SQL以避免日志过大)
提交事务
保存成功，返回ID: 24
2025-07-08 15:56:19 - AJAX Save QR Started
POST Data Keys: Array
(
    [0] => id
    [1] => name
    [2] => entry_domain
    [3] => landing_domain
    [4] => jump_time
    [5] => show_safe
    [6] => threshold_type
    [7] => jump_url
    [8] => threshold
    [9] => image_url
    [10] => remarks
    [11] => original_entry_domain
    [12] => original_landing_domain
    [13] => keep_original_entry
    [14] => keep_original_landing
)

处理参数: id=24
处理后基本参数: name=cs, entry_domain=4w4me8.hnchmy.cn
跳转URL数量: 1
图片数据数量: 1
开始事务处理
更新模式: ID=24
原始入口域名: 4w4me8.hnchmy.cn, 提交的入口域名: 4w4me8.hnchmy.cn
原始落地域名: f6qaqm.yinjuzi.cn, 提交的落地域名: f6qaqm.yinjuzi.cn
保留原始入口域名: 4w4me8.hnchmy.cn
保留原始落地域名: f6qaqm.yinjuzi.cn
域名是否变更: 否 (原入口域名: 4w4me8.hnchmy.cn, 新入口域名: 4w4me8.hnchmy.cn, 原落地域名: f6qaqm.yinjuzi.cn, 新落地域名: f6qaqm.yinjuzi.cn)
执行SQL: UPDATE dwz_qrcode SET 
                            name = 'cs',
                            entry_domain = '4w4me8.hnchmy.cn',
                            landing_domain = 'f6qaqm.yinjuzi.cn',
                            jump_time = '0',
                            show_safe = '1',
                            threshold_type = '1',
                            infinite_loop = '0',
                            remarks = '',
                            updatetime = '2025-07-08 15:56:19'
                            WHERE id = '24' AND uid = '10016'
执行SQL: DELETE FROM dwz_qrcode_data WHERE qid = '24'
域名未变更，保留原有二维码
开始处理跳转链接数据，数量: 1
处理第0个链接: http://kp73.pw/
图片[0]长度: 0字节
执行插入跳转URL SQL (不显示完整SQL以避免日志过大)
提交事务
保存成功，返回ID: 24
2025-07-08 15:58:21 - AJAX Save QR Started
POST Data Keys: Array
(
    [0] => id
    [1] => name
    [2] => entry_domain
    [3] => landing_domain
    [4] => jump_time
    [5] => show_safe
    [6] => threshold_type
    [7] => jump_url
    [8] => threshold
    [9] => image_url
    [10] => remarks
    [11] => original_entry_domain
    [12] => original_landing_domain
    [13] => keep_original_entry
    [14] => keep_original_landing
)

处理参数: id=24
处理后基本参数: name=cs, entry_domain=4w4me8.hnchmy.cn
跳转URL数量: 1
图片数据数量: 1
开始事务处理
更新模式: ID=24
原始入口域名: 4w4me8.hnchmy.cn, 提交的入口域名: 4w4me8.hnchmy.cn
原始落地域名: f6qaqm.yinjuzi.cn, 提交的落地域名: f6qaqm.yinjuzi.cn
保留原始入口域名: 4w4me8.hnchmy.cn
保留原始落地域名: f6qaqm.yinjuzi.cn
域名是否变更: 否 (原入口域名: 4w4me8.hnchmy.cn, 新入口域名: 4w4me8.hnchmy.cn, 原落地域名: f6qaqm.yinjuzi.cn, 新落地域名: f6qaqm.yinjuzi.cn)
执行SQL: UPDATE dwz_qrcode SET 
                            name = 'cs',
                            entry_domain = '4w4me8.hnchmy.cn',
                            landing_domain = 'f6qaqm.yinjuzi.cn',
                            jump_time = '0',
                            show_safe = '1',
                            threshold_type = '1',
                            infinite_loop = '0',
                            remarks = '',
                            updatetime = '2025-07-08 15:58:21'
                            WHERE id = '24' AND uid = '10016'
执行SQL: DELETE FROM dwz_qrcode_data WHERE qid = '24'
域名未变更，保留原有二维码
开始处理跳转链接数据，数量: 1
处理第0个链接: http://kp73.pw/
图片[0]长度: 0字节
执行插入跳转URL SQL (不显示完整SQL以避免日志过大)
提交事务
保存成功，返回ID: 24
2025-07-13 15:37:28 - AJAX Save QR Started
POST Data Keys: Array
(
    [0] => id
    [1] => name
    [2] => entry_domain
    [3] => landing_domain
    [4] => jump_time
    [5] => show_safe
    [6] => threshold_type
    [7] => jump_url
    [8] => threshold
    [9] => image_url
    [10] => remarks
    [11] => qr_code
    [12] => original_entry_domain
    [13] => original_landing_domain
    [14] => full_entry_domain
    [15] => full_landing_domain
)

错误: 积分不足 (当前积分: 0)
2025-07-19 23:11:55 - AJAX Save QR Started
POST Data Keys: Array
(
    [0] => id
    [1] => name
    [2] => entry_domain
    [3] => landing_domain
    [4] => jump_time
    [5] => show_safe
    [6] => threshold_type
    [7] => infinite_loop
    [8] => jump_url
    [9] => threshold
    [10] => image_url
    [11] => remarks
    [12] => qr_code
    [13] => original_entry_domain
    [14] => original_landing_domain
    [15] => full_entry_domain
    [16] => full_landing_domain
)

错误: 积分不足 (当前积分: 0)
2025-07-22 23:09:24 - AJAX Save QR Started
POST Data Keys: Array
(
    [0] => id
    [1] => name
    [2] => entry_domain
    [3] => landing_domain
    [4] => jump_time
    [5] => show_safe
    [6] => threshold_type
    [7] => jump_url
    [8] => threshold
    [9] => image_url
    [10] => remarks
    [11] => qr_code
    [12] => original_entry_domain
    [13] => original_landing_domain
    [14] => full_entry_domain
    [15] => full_landing_domain
)

错误: 积分不足 (当前积分: 0)
2025-07-30 14:25:49 - AJAX Save QR Started
POST Data Keys: Array
(
    [0] => id
    [1] => name
    [2] => entry_domain
    [3] => landing_domain
    [4] => jump_time
    [5] => show_safe
    [6] => threshold_type
    [7] => jump_url
    [8] => threshold
    [9] => image_url
    [10] => remarks
    [11] => qr_code
    [12] => original_entry_domain
    [13] => original_landing_domain
    [14] => full_entry_domain
    [15] => full_landing_domain
)

错误: 积分不足 (当前积分: 0)
2025-07-30 14:43:18 - AJAX Save QR Started
POST Data Keys: Array
(
    [0] => id
    [1] => name
    [2] => entry_domain
    [3] => landing_domain
    [4] => jump_time
    [5] => show_safe
    [6] => threshold_type
    [7] => jump_url
    [8] => threshold
    [9] => image_url
    [10] => remarks
    [11] => qr_code
    [12] => original_entry_domain
    [13] => original_landing_domain
    [14] => full_entry_domain
    [15] => full_landing_domain
)

处理参数: id=0
处理后基本参数: name=测试, entry_domain=9xf2u0j.mingzhizy7.cn
跳转URL数量: 1
图片数据数量: 1
开始事务处理
新增模式
使用前端提供的标识符: L++8ka7P/97487813
执行SQL: INSERT INTO dwz_qrcode (uid, name, code, entry_domain, landing_domain, jump_time, show_safe, 
                            threshold_type, infinite_loop, remarks, addtime, updatetime, state, wechat_status) 
                            VALUES ('10032', '测试', 'L++8ka7P/97487813', '9xf2u0j.mingzhizy7.cn', 'd6bcx24.harauto.cn', '0', 
                            '1', '1', '0', '', '2025-07-30 14:43:18', '2025-07-30 14:43:18', 1, 1)
最终获取新插入ID: 25
生成随机二级域名: 2y2p5w1
域名已有二级域名，添加前缀: http://9xf2u0j.mingzhizy7.cn/qr/25
使用前端提供的完整URL生成二维码: http://9xf2u0j.mingzhizy7.cn/qr/25
开始处理跳转链接数据，数量: 1
处理第0个链接: http://al-digital-therapy-h5.op.laikang.com/r4b/Qa2p41/BrKNHwqo?d=DxsAHxlTTkIEBxUbW0cZGkkMEAFEBAkDAh1aDARGWQcXCxcZDUZWAw0lGR4FKixCVlhBXFJcVlpfWkdbWkcJGQoD
图片[0]长度: 0字节
执行插入跳转URL SQL (不显示完整SQL以避免日志过大)
提交事务
保存成功，返回ID: 25
2025-07-30 14:48:19 - AJAX Save QR Started
POST Data Keys: Array
(
    [0] => id
    [1] => name
    [2] => entry_domain
    [3] => landing_domain
    [4] => jump_time
    [5] => show_safe
    [6] => threshold_type
    [7] => jump_url
    [8] => threshold
    [9] => image_url
    [10] => remarks
    [11] => original_entry_domain
    [12] => original_landing_domain
    [13] => keep_original_entry
    [14] => keep_original_landing
)

处理参数: id=25
处理后基本参数: name=测试, entry_domain=9xf2u0j.mingzhizy7.cn
跳转URL数量: 1
图片数据数量: 1
开始事务处理
更新模式: ID=25
原始入口域名: 9xf2u0j.mingzhizy7.cn, 提交的入口域名: 9xf2u0j.mingzhizy7.cn
原始落地域名: d6bcx24.harauto.cn, 提交的落地域名: d6bcx24.harauto.cn
保留原始入口域名: 9xf2u0j.mingzhizy7.cn
保留原始落地域名: d6bcx24.harauto.cn
域名是否变更: 否 (原入口域名: 9xf2u0j.mingzhizy7.cn, 新入口域名: 9xf2u0j.mingzhizy7.cn, 原落地域名: d6bcx24.harauto.cn, 新落地域名: d6bcx24.harauto.cn)
执行SQL: UPDATE dwz_qrcode SET 
                            name = '测试',
                            entry_domain = '9xf2u0j.mingzhizy7.cn',
                            landing_domain = 'd6bcx24.harauto.cn',
                            jump_time = '0',
                            show_safe = '1',
                            threshold_type = '1',
                            infinite_loop = '0',
                            remarks = '',
                            updatetime = '2025-07-30 14:48:19'
                            WHERE id = '25' AND uid = '10032'
执行SQL: DELETE FROM dwz_qrcode_data WHERE qid = '25'
域名未变更，保留原有二维码
开始处理跳转链接数据，数量: 1
处理第0个链接: http://al-digital-therapy-h5.op.laikang.com/r4b/Qa2p41/BrKNHwqo?d=DxsAHxlTTkIEBxUbW0cZGkkMEAFEBAkDAh1aDARGWQcXCxcZDUZWAw0lGR4FKixCVlhBXFJcVlpfWkdbWkcJGQoD
图片[0]长度: 0字节
执行插入跳转URL SQL (不显示完整SQL以避免日志过大)
提交事务
保存成功，返回ID: 25
2025-07-30 14:49:36 - AJAX Save QR Started
POST Data Keys: Array
(
    [0] => id
    [1] => name
    [2] => entry_domain
    [3] => landing_domain
    [4] => jump_time
    [5] => show_safe
    [6] => threshold_type
    [7] => jump_url
    [8] => threshold
    [9] => image_url
    [10] => remarks
    [11] => original_entry_domain
    [12] => original_landing_domain
    [13] => keep_original_entry
    [14] => keep_original_landing
)

处理参数: id=25
处理后基本参数: name=测试, entry_domain=9xf2u0j.mingzhizy7.cn
跳转URL数量: 1
图片数据数量: 1
开始事务处理
更新模式: ID=25
原始入口域名: 9xf2u0j.mingzhizy7.cn, 提交的入口域名: 9xf2u0j.mingzhizy7.cn
原始落地域名: d6bcx24.harauto.cn, 提交的落地域名: d6bcx24.harauto.cn
保留原始入口域名: 9xf2u0j.mingzhizy7.cn
保留原始落地域名: d6bcx24.harauto.cn
域名是否变更: 否 (原入口域名: 9xf2u0j.mingzhizy7.cn, 新入口域名: 9xf2u0j.mingzhizy7.cn, 原落地域名: d6bcx24.harauto.cn, 新落地域名: d6bcx24.harauto.cn)
执行SQL: UPDATE dwz_qrcode SET 
                            name = '测试',
                            entry_domain = '9xf2u0j.mingzhizy7.cn',
                            landing_domain = 'd6bcx24.harauto.cn',
                            jump_time = '1',
                            show_safe = '1',
                            threshold_type = '1',
                            infinite_loop = '0',
                            remarks = '',
                            updatetime = '2025-07-30 14:49:36'
                            WHERE id = '25' AND uid = '10032'
执行SQL: DELETE FROM dwz_qrcode_data WHERE qid = '25'
域名未变更，保留原有二维码
开始处理跳转链接数据，数量: 1
处理第0个链接: http://al-digital-therapy-h5.op.laikang.com/r4b/Qa2p41/BrKNHwqo?d=DxsAHxlTTkIEBxUbW0cZGkkMEAFEBAkDAh1aDARGWQcXCxcZDUZWAw0lGR4FKixCVlhBXFJcVlpfWkdbWkcJGQoD
图片[0]长度: 0字节
执行插入跳转URL SQL (不显示完整SQL以避免日志过大)
提交事务
保存成功，返回ID: 25
2025-07-30 14:54:04 - AJAX Save QR Started
POST Data Keys: Array
(
    [0] => id
    [1] => name
    [2] => entry_domain
    [3] => landing_domain
    [4] => jump_time
    [5] => show_safe
    [6] => threshold_type
    [7] => jump_url
    [8] => threshold
    [9] => image_url
    [10] => remarks
    [11] => qr_code
    [12] => original_entry_domain
    [13] => original_landing_domain
    [14] => full_entry_domain
    [15] => full_landing_domain
)

处理参数: id=0
处理后基本参数: name=1111, entry_domain=lldqr.mingzhizy7.cn
跳转URL数量: 1
图片数据数量: 1
开始事务处理
新增模式
使用前端提供的标识符: 6iEKeKcR/38138026
执行SQL: INSERT INTO dwz_qrcode (uid, name, code, entry_domain, landing_domain, jump_time, show_safe, 
                            threshold_type, infinite_loop, remarks, addtime, updatetime, state, wechat_status) 
                            VALUES ('10032', '1111', '6iEKeKcR/38138026', 'lldqr.mingzhizy7.cn', '7t3zr.harauto.cn', '1', 
                            '1', '1', '0', '', '2025-07-30 14:54:04', '2025-07-30 14:54:04', 1, 1)
最终获取新插入ID: 26
生成随机二级域名: ihwan1
域名已有二级域名，添加前缀: http://lldqr.mingzhizy7.cn/qr/26
使用前端提供的完整URL生成二维码: http://lldqr.mingzhizy7.cn/qr/26
开始处理跳转链接数据，数量: 1
处理第0个链接: http://phbyvq.shop/uD1R5I/KvBAi5.html?d=DxsAHxlTTkIEBxUbW0cZGkkMEAFEBAkDAh1aDARGExgFAwYBCEZWAw0lGR4FKixCVlhBXFJcWVlUXEdbWUcJGQoD
图片[0]长度: 0字节
执行插入跳转URL SQL (不显示完整SQL以避免日志过大)
提交事务
保存成功，返回ID: 26
2025-07-30 14:55:07 - AJAX Save QR Started
POST Data Keys: Array
(
    [0] => id
    [1] => name
    [2] => entry_domain
    [3] => landing_domain
    [4] => jump_time
    [5] => show_safe
    [6] => threshold_type
    [7] => jump_url
    [8] => threshold
    [9] => image_url
    [10] => remarks
    [11] => qr_code
    [12] => original_entry_domain
    [13] => original_landing_domain
    [14] => full_entry_domain
    [15] => full_landing_domain
)

处理参数: id=0
处理后基本参数: name=ccc, entry_domain=wbinz8.tfhanjie.com.cn
跳转URL数量: 1
图片数据数量: 1
图片[0]类型: Base64, 长度: 29511字节
开始事务处理
新增模式
使用前端提供的标识符: #z#H-heB/55190690
执行SQL: INSERT INTO dwz_qrcode (uid, name, code, entry_domain, landing_domain, jump_time, show_safe, 
                            threshold_type, infinite_loop, remarks, addtime, updatetime, state, wechat_status) 
                            VALUES ('10016', 'ccc', '#z#H-heB/55190690', 'wbinz8.tfhanjie.com.cn', 'pjpgsc.mysy5800.com', '0', 
                            '1', '1', '0', '', '2025-07-30 14:55:07', '2025-07-30 14:55:07', 1, 1)
最终获取新插入ID: 27
生成随机二级域名: o9kyn1g
域名已有二级域名，添加前缀: http://wbinz8.tfhanjie.com.cn/qr/27
使用前端提供的完整URL生成二维码: http://wbinz8.tfhanjie.com.cn/qr/27
开始处理跳转链接数据，数量: 1
处理第0个链接: https://hlspreview.whocool.cn/getCorsFile?urlPath=aHR0cDovL2xwcGZjYy5ha3I4N28uYXJ0L2RlbW8uaHRtbA%3D%3D&&yJRb=QnxldC0BQ0chGXJHa0grChg7fyozC1pYfwkmR3dfAF4ieAQtfl0OAGBTeUYsRisCDyQ-IDUAWVR_RDRbKXR2P0MdPT01HFlSIQNmDCxKNAVdKz8&45vc=1
图片[0]长度: 29511字节
执行插入跳转URL SQL (不显示完整SQL以避免日志过大)
提交事务
保存成功，返回ID: 27
2025-07-30 14:58:28 - AJAX Save QR Started
POST Data Keys: Array
(
    [0] => id
    [1] => name
    [2] => entry_domain
    [3] => landing_domain
    [4] => jump_time
    [5] => show_safe
    [6] => threshold_type
    [7] => jump_url
    [8] => threshold
    [9] => image_url
    [10] => remarks
    [11] => original_entry_domain
    [12] => original_landing_domain
    [13] => keep_original_entry
    [14] => keep_original_landing
)

处理参数: id=26
处理后基本参数: name=1111, entry_domain=lldqr.mingzhizy7.cn
跳转URL数量: 1
图片数据数量: 1
图片[0]类型: Base64, 长度: 27983字节
开始事务处理
更新模式: ID=26
原始入口域名: lldqr.mingzhizy7.cn, 提交的入口域名: lldqr.mingzhizy7.cn
原始落地域名: 7t3zr.harauto.cn, 提交的落地域名: 7t3zr.harauto.cn
保留原始入口域名: lldqr.mingzhizy7.cn
保留原始落地域名: 7t3zr.harauto.cn
域名是否变更: 否 (原入口域名: lldqr.mingzhizy7.cn, 新入口域名: lldqr.mingzhizy7.cn, 原落地域名: 7t3zr.harauto.cn, 新落地域名: 7t3zr.harauto.cn)
执行SQL: UPDATE dwz_qrcode SET 
                            name = '1111',
                            entry_domain = 'lldqr.mingzhizy7.cn',
                            landing_domain = '7t3zr.harauto.cn',
                            jump_time = '1',
                            show_safe = '1',
                            threshold_type = '1',
                            infinite_loop = '0',
                            remarks = '',
                            updatetime = '2025-07-30 14:58:28'
                            WHERE id = '26' AND uid = '10032'
执行SQL: DELETE FROM dwz_qrcode_data WHERE qid = '26'
域名未变更，保留原有二维码
开始处理跳转链接数据，数量: 1
处理第0个链接: http://phbyvq.shop/uD1R5I/KvBAi5.html?d=DxsAHxlTTkIEBxUbW0cZGkkMEAFEBAkDAh1aDARGExgFAwYBCEZWAw0lGR4FKixCVlhBXFJcWVlUXEdbWUcJGQoD
图片[0]长度: 27983字节
执行插入跳转URL SQL (不显示完整SQL以避免日志过大)
提交事务
保存成功，返回ID: 26
2025-07-30 15:00:18 - AJAX Save QR Started
POST Data Keys: Array
(
    [0] => id
    [1] => name
    [2] => entry_domain
    [3] => landing_domain
    [4] => jump_time
    [5] => show_safe
    [6] => threshold_type
    [7] => jump_url
    [8] => threshold
    [9] => image_url
    [10] => remarks
    [11] => original_entry_domain
    [12] => original_landing_domain
    [13] => keep_original_entry
    [14] => keep_original_landing
)

处理参数: id=26
处理后基本参数: name=1111, entry_domain=cqhuangjin.cn
跳转URL数量: 1
图片数据数量: 1
图片[0]类型: Base64, 长度: 27847字节
开始事务处理
更新模式: ID=26
原始入口域名: lldqr.mingzhizy7.cn, 提交的入口域名: cqhuangjin.cn
原始落地域名: 7t3zr.harauto.cn, 提交的落地域名: mysy5800.com
使用新的入口域名: cqhuangjin.cn
使用新的落地域名: mysy5800.com
域名是否变更: 是 (原入口域名: lldqr.mingzhizy7.cn, 新入口域名: cqhuangjin.cn, 原落地域名: 7t3zr.harauto.cn, 新落地域名: mysy5800.com)
执行SQL: UPDATE dwz_qrcode SET 
                            name = '1111',
                            entry_domain = 'cqhuangjin.cn',
                            landing_domain = 'mysy5800.com',
                            jump_time = '1',
                            show_safe = '1',
                            threshold_type = '1',
                            infinite_loop = '0',
                            remarks = '',
                            updatetime = '2025-07-30 15:00:18'
                            WHERE id = '26' AND uid = '10032'
执行SQL: DELETE FROM dwz_qrcode_data WHERE qid = '26'
域名已变更，重新生成二维码
生成随机二级域名: 92skn
域名添加前缀和随机二级域名: http://92skn.cqhuangjin.cn/6iEKeKcR/38138026
更新模式生成二维码，内容为: http://92skn.cqhuangjin.cn/6iEKeKcR/38138026
开始处理跳转链接数据，数量: 1
处理第0个链接: http://phbyvq.shop/uD1R5I/KvBAi5.html?d=DxsAHxlTTkIEBxUbW0cZGkkMEAFEBAkDAh1aDARGExgFAwYBCEZWAw0lGR4FKixCVlhBXFJcWVlUXEdbWUcJGQoD
图片[0]长度: 27847字节
执行插入跳转URL SQL (不显示完整SQL以避免日志过大)
提交事务
保存成功，返回ID: 26
2025-07-30 15:01:15 - AJAX Save QR Started
POST Data Keys: Array
(
    [0] => id
    [1] => name
    [2] => entry_domain
    [3] => landing_domain
    [4] => jump_time
    [5] => show_safe
    [6] => threshold_type
    [7] => jump_url
    [8] => threshold
    [9] => image_url
    [10] => remarks
    [11] => original_entry_domain
    [12] => original_landing_domain
    [13] => keep_original_entry
    [14] => keep_original_landing
)

处理参数: id=26
处理后基本参数: name=1111, entry_domain=tfhanjie.com.cn
跳转URL数量: 1
图片数据数量: 1
图片[0]类型: Base64, 长度: 27771字节
开始事务处理
更新模式: ID=26
原始入口域名: cqhuangjin.cn, 提交的入口域名: tfhanjie.com.cn
原始落地域名: mysy5800.com, 提交的落地域名: mysy5800.com
使用新的入口域名: tfhanjie.com.cn
保留原始落地域名: mysy5800.com
域名是否变更: 是 (原入口域名: cqhuangjin.cn, 新入口域名: tfhanjie.com.cn, 原落地域名: mysy5800.com, 新落地域名: mysy5800.com)
执行SQL: UPDATE dwz_qrcode SET 
                            name = '1111',
                            entry_domain = 'tfhanjie.com.cn',
                            landing_domain = 'mysy5800.com',
                            jump_time = '1',
                            show_safe = '1',
                            threshold_type = '1',
                            infinite_loop = '0',
                            remarks = '',
                            updatetime = '2025-07-30 15:01:15'
                            WHERE id = '26' AND uid = '10032'
执行SQL: DELETE FROM dwz_qrcode_data WHERE qid = '26'
域名已变更，重新生成二维码
域名添加前缀: http://tfhanjie.com.cn/6iEKeKcR/38138026
更新模式生成二维码，内容为: http://tfhanjie.com.cn/6iEKeKcR/38138026
开始处理跳转链接数据，数量: 1
处理第0个链接: http://phbyvq.shop/uD1R5I/KvBAi5.html?d=DxsAHxlTTkIEBxUbW0cZGkkMEAFEBAkDAh1aDARGExgFAwYBCEZWAw0lGR4FKixCVlhBXFJcWVlUXEdbWUcJGQoD
图片[0]长度: 27771字节
执行插入跳转URL SQL (不显示完整SQL以避免日志过大)
提交事务
保存成功，返回ID: 26
2025-07-30 15:05:39 - AJAX Save QR Started
POST Data Keys: Array
(
    [0] => id
    [1] => name
    [2] => entry_domain
    [3] => landing_domain
    [4] => jump_time
    [5] => show_safe
    [6] => threshold_type
    [7] => jump_url
    [8] => threshold
    [9] => image_url
    [10] => remarks
    [11] => original_entry_domain
    [12] => original_landing_domain
    [13] => keep_original_entry
    [14] => keep_original_landing
)

处理参数: id=26
处理后基本参数: name=1111, entry_domain=tfhanjie.com.cn
跳转URL数量: 1
图片数据数量: 1
开始事务处理
更新模式: ID=26
原始入口域名: tfhanjie.com.cn, 提交的入口域名: tfhanjie.com.cn
原始落地域名: mysy5800.com, 提交的落地域名: mysy5800.com
保留原始入口域名: tfhanjie.com.cn
保留原始落地域名: mysy5800.com
域名是否变更: 否 (原入口域名: tfhanjie.com.cn, 新入口域名: tfhanjie.com.cn, 原落地域名: mysy5800.com, 新落地域名: mysy5800.com)
执行SQL: UPDATE dwz_qrcode SET 
                            name = '1111',
                            entry_domain = 'tfhanjie.com.cn',
                            landing_domain = 'mysy5800.com',
                            jump_time = '1',
                            show_safe = '1',
                            threshold_type = '1',
                            infinite_loop = '0',
                            remarks = '',
                            updatetime = '2025-07-30 15:05:39'
                            WHERE id = '26' AND uid = '10032'
执行SQL: DELETE FROM dwz_qrcode_data WHERE qid = '26'
域名未变更，保留原有二维码
开始处理跳转链接数据，数量: 1
处理第0个链接: http://phbyvq.shop/uD1R5I/KvBAi5.html?d=DxsAHxlTTkIEBxUbW0cZGkkMEAFEBAkDAh1aDARGExgFAwYBCEZWAw0lGR4FKixCVlhBXFJcWVlUXEdbWUcJGQoD
图片[0]长度: 0字节
执行插入跳转URL SQL (不显示完整SQL以避免日志过大)
提交事务
保存成功，返回ID: 26
2025-07-30 15:10:33 - AJAX Save QR Started
POST Data Keys: Array
(
    [0] => id
    [1] => name
    [2] => entry_domain
    [3] => landing_domain
    [4] => jump_time
    [5] => show_safe
    [6] => threshold_type
    [7] => jump_url
    [8] => threshold
    [9] => image_url
    [10] => remarks
    [11] => qr_code
    [12] => original_entry_domain
    [13] => original_landing_domain
    [14] => full_entry_domain
    [15] => full_landing_domain
)

处理参数: id=0
处理后基本参数: name=111, entry_domain=rfvwwau.tfhanjie.com.cn
跳转URL数量: 1
图片数据数量: 1
开始事务处理
新增模式
使用前端提供的标识符: _k3&5s)c/71517344
执行SQL: INSERT INTO dwz_qrcode (uid, name, code, entry_domain, landing_domain, jump_time, show_safe, 
                            threshold_type, infinite_loop, remarks, addtime, updatetime, state, wechat_status) 
                            VALUES ('10032', '111', '_k3&5s)c/71517344', 'rfvwwau.tfhanjie.com.cn', 'x0idrl.mysy5800.com', '0', 
                            '1', '1', '0', '', '2025-07-30 15:10:33', '2025-07-30 15:10:33', 1, 1)
最终获取新插入ID: 28
生成随机二级域名: qm5qcy
域名已有二级域名，添加前缀: http://rfvwwau.tfhanjie.com.cn/qr/28
使用前端提供的完整URL生成二维码: http://rfvwwau.tfhanjie.com.cn/qr/28
开始处理跳转链接数据，数量: 1
处理第0个链接: http://yiidxj.shop/uD1R5I/KvBAi5.html?d=DxsAHxlTTkIEBxUbW0cZGkkMEAFEBAkDAh1aDARGVwEGHgIeHkZWAw0lGR4FKixCVlhBXFJcWFlXXEReUkcJGQoD
图片[0]长度: 0字节
执行插入跳转URL SQL (不显示完整SQL以避免日志过大)
提交事务
保存成功，返回ID: 28
2025-07-30 15:11:34 - AJAX Save QR Started
POST Data Keys: Array
(
    [0] => id
    [1] => name
    [2] => entry_domain
    [3] => landing_domain
    [4] => jump_time
    [5] => show_safe
    [6] => threshold_type
    [7] => jump_url
    [8] => threshold
    [9] => image_url
    [10] => remarks
    [11] => original_entry_domain
    [12] => original_landing_domain
    [13] => keep_original_entry
    [14] => keep_original_landing
)

处理参数: id=28
处理后基本参数: name=111, entry_domain=rfvwwau.tfhanjie.com.cn
跳转URL数量: 1
图片数据数量: 1
开始事务处理
更新模式: ID=28
原始入口域名: rfvwwau.tfhanjie.com.cn, 提交的入口域名: rfvwwau.tfhanjie.com.cn
原始落地域名: x0idrl.mysy5800.com, 提交的落地域名: x0idrl.mysy5800.com
保留原始入口域名: rfvwwau.tfhanjie.com.cn
保留原始落地域名: x0idrl.mysy5800.com
域名是否变更: 否 (原入口域名: rfvwwau.tfhanjie.com.cn, 新入口域名: rfvwwau.tfhanjie.com.cn, 原落地域名: x0idrl.mysy5800.com, 新落地域名: x0idrl.mysy5800.com)
执行SQL: UPDATE dwz_qrcode SET 
                            name = '111',
                            entry_domain = 'rfvwwau.tfhanjie.com.cn',
                            landing_domain = 'x0idrl.mysy5800.com',
                            jump_time = '1',
                            show_safe = '1',
                            threshold_type = '1',
                            infinite_loop = '0',
                            remarks = '',
                            updatetime = '2025-07-30 15:11:34'
                            WHERE id = '28' AND uid = '10032'
执行SQL: DELETE FROM dwz_qrcode_data WHERE qid = '28'
域名未变更，保留原有二维码
开始处理跳转链接数据，数量: 1
处理第0个链接: http://yiidxj.shop/uD1R5I/KvBAi5.html?d=DxsAHxlTTkIEBxUbW0cZGkkMEAFEBAkDAh1aDARGVwEGHgIeHkZWAw0lGR4FKixCVlhBXFJcWFlXXEReUkcJGQoD
图片[0]长度: 0字节
执行插入跳转URL SQL (不显示完整SQL以避免日志过大)
提交事务
保存成功，返回ID: 28
2025-07-30 15:12:53 - AJAX Save QR Started
POST Data Keys: Array
(
    [0] => id
    [1] => name
    [2] => entry_domain
    [3] => landing_domain
    [4] => jump_time
    [5] => show_safe
    [6] => threshold_type
    [7] => jump_url
    [8] => threshold
    [9] => image_url
    [10] => remarks
    [11] => original_entry_domain
    [12] => original_landing_domain
    [13] => keep_original_entry
    [14] => keep_original_landing
)

处理参数: id=28
处理后基本参数: name=111, entry_domain=rfvwwau.tfhanjie.com.cn
跳转URL数量: 1
图片数据数量: 1
图片[0]类型: Base64, 长度: 27983字节
开始事务处理
更新模式: ID=28
原始入口域名: rfvwwau.tfhanjie.com.cn, 提交的入口域名: rfvwwau.tfhanjie.com.cn
原始落地域名: x0idrl.mysy5800.com, 提交的落地域名: x0idrl.mysy5800.com
保留原始入口域名: rfvwwau.tfhanjie.com.cn
保留原始落地域名: x0idrl.mysy5800.com
域名是否变更: 否 (原入口域名: rfvwwau.tfhanjie.com.cn, 新入口域名: rfvwwau.tfhanjie.com.cn, 原落地域名: x0idrl.mysy5800.com, 新落地域名: x0idrl.mysy5800.com)
执行SQL: UPDATE dwz_qrcode SET 
                            name = '111',
                            entry_domain = 'rfvwwau.tfhanjie.com.cn',
                            landing_domain = 'x0idrl.mysy5800.com',
                            jump_time = '1',
                            show_safe = '1',
                            threshold_type = '1',
                            infinite_loop = '0',
                            remarks = '',
                            updatetime = '2025-07-30 15:12:53'
                            WHERE id = '28' AND uid = '10032'
执行SQL: DELETE FROM dwz_qrcode_data WHERE qid = '28'
域名未变更，保留原有二维码
开始处理跳转链接数据，数量: 1
处理第0个链接: http://phbyvq.shop/uD1R5I/KvBAi5.html?d=DxsAHxlTTkIEBxUbW0cZGkkMEAFEBAkDAh1aDARGExgFAwYBCEZWAw0lGR4FKixCVlhBXFJcWVlUXEdbWUcJGQoD
图片[0]长度: 27983字节
执行插入跳转URL SQL (不显示完整SQL以避免日志过大)
提交事务
保存成功，返回ID: 28
2025-07-30 15:13:57 - AJAX Save QR Started
POST Data Keys: Array
(
    [0] => id
    [1] => name
    [2] => entry_domain
    [3] => landing_domain
    [4] => jump_time
    [5] => show_safe
    [6] => threshold_type
    [7] => jump_url
    [8] => threshold
    [9] => image_url
    [10] => remarks
    [11] => original_entry_domain
    [12] => original_landing_domain
    [13] => keep_original_entry
    [14] => keep_original_landing
)

处理参数: id=28
处理后基本参数: name=111, entry_domain=rfvwwau.tfhanjie.com.cn
跳转URL数量: 1
图片数据数量: 1
开始事务处理
更新模式: ID=28
原始入口域名: rfvwwau.tfhanjie.com.cn, 提交的入口域名: rfvwwau.tfhanjie.com.cn
原始落地域名: x0idrl.mysy5800.com, 提交的落地域名: x0idrl.mysy5800.com
保留原始入口域名: rfvwwau.tfhanjie.com.cn
保留原始落地域名: x0idrl.mysy5800.com
域名是否变更: 否 (原入口域名: rfvwwau.tfhanjie.com.cn, 新入口域名: rfvwwau.tfhanjie.com.cn, 原落地域名: x0idrl.mysy5800.com, 新落地域名: x0idrl.mysy5800.com)
执行SQL: UPDATE dwz_qrcode SET 
                            name = '111',
                            entry_domain = 'rfvwwau.tfhanjie.com.cn',
                            landing_domain = 'x0idrl.mysy5800.com',
                            jump_time = '1',
                            show_safe = '1',
                            threshold_type = '1',
                            infinite_loop = '0',
                            remarks = '',
                            updatetime = '2025-07-30 15:13:57'
                            WHERE id = '28' AND uid = '10032'
执行SQL: DELETE FROM dwz_qrcode_data WHERE qid = '28'
域名未变更，保留原有二维码
开始处理跳转链接数据，数量: 1
处理第0个链接: http://phbyvq.shop/uD1R5I/KvBAi5.html?d=DxsAHxlTTkIEBxUbW0cZGkkMEAFEBAkDAh1aDARGExgFAwYBCEZWAw0lGR4FKixCVlhBXFJcWVlUXEdbWUcJGQoD
图片[0]长度: 0字节
执行插入跳转URL SQL (不显示完整SQL以避免日志过大)
提交事务
保存成功，返回ID: 28
2025-08-03 12:59:14 - AJAX Save QR Started
POST Data Keys: Array
(
    [0] => id
    [1] => name
    [2] => entry_domain
    [3] => landing_domain
    [4] => jump_time
    [5] => show_safe
    [6] => threshold_type
    [7] => jump_url
    [8] => threshold
    [9] => image_url
    [10] => remarks
    [11] => qr_code
    [12] => original_entry_domain
    [13] => original_landing_domain
    [14] => full_entry_domain
    [15] => full_landing_domain
)

处理参数: id=0
处理后基本参数: name=tai, entry_domain=7tlfztzb.mingzhizy7.cn
跳转URL数量: 1
图片数据数量: 1
开始事务处理
新增模式
使用前端提供的标识符: ax$4uZ#p/11304494
执行SQL: INSERT INTO dwz_qrcode (uid, name, code, entry_domain, landing_domain, jump_time, show_safe, 
                            threshold_type, infinite_loop, remarks, addtime, updatetime, state, wechat_status) 
                            VALUES ('10032', 'tai', 'ax$4uZ#p/11304494', '7tlfztzb.mingzhizy7.cn', '8cov0f.harauto.cn', '0', 
                            '1', '1', '0', '', '2025-08-03 12:59:14', '2025-08-03 12:59:14', 1, 1)
最终获取新插入ID: 29
生成随机二级域名: vtffu
域名已有二级域名，添加前缀: http://7tlfztzb.mingzhizy7.cn/qr/29
使用前端提供的完整URL生成二维码: http://7tlfztzb.mingzhizy7.cn/qr/29
开始处理跳转链接数据，数量: 1
处理第0个链接: https://www.baidu.com
图片[0]长度: 0字节
执行插入跳转URL SQL (不显示完整SQL以避免日志过大)
提交事务
保存成功，返回ID: 29
2025-08-03 18:44:33 - AJAX Save QR Started
POST Data Keys: Array
(
    [0] => id
    [1] => name
    [2] => entry_domain
    [3] => landing_domain
    [4] => jump_time
    [5] => show_safe
    [6] => threshold_type
    [7] => infinite_loop
    [8] => jump_url
    [9] => threshold
    [10] => image_url
    [11] => remarks
    [12] => qr_code
    [13] => original_entry_domain
    [14] => original_landing_domain
    [15] => full_entry_domain
    [16] => full_landing_domain
)

处理参数: id=0
处理后基本参数: name=tai, entry_domain=hot78f.hnchmy.cn
跳转URL数量: 1
图片数据数量: 1
开始事务处理
新增模式
使用前端提供的标识符: E6oZv^t./75426450
执行SQL: INSERT INTO dwz_qrcode (uid, name, code, entry_domain, landing_domain, jump_time, show_safe, 
                            threshold_type, infinite_loop, remarks, addtime, updatetime, state, wechat_status) 
                            VALUES ('10032', 'tai', 'E6oZv^t./75426450', 'hot78f.hnchmy.cn', 's5o5oypg.harauto.cn', '0', 
                            '1', '1', '1', '', '2025-08-03 18:44:33', '2025-08-03 18:44:33', 1, 1)
最终获取新插入ID: 30
生成随机二级域名: hnl8igx
域名已有二级域名，添加前缀: http://hot78f.hnchmy.cn/qr/30
使用前端提供的完整URL生成二维码: http://hot78f.hnchmy.cn/qr/30
开始处理跳转链接数据，数量: 1
处理第0个链接: http://api.wx.dingxsd.com/batch
图片[0]长度: 0字节
执行插入跳转URL SQL (不显示完整SQL以避免日志过大)
提交事务
保存成功，返回ID: 30
2025-08-08 02:40:41 - AJAX Save QR Started
POST Data Keys: Array
(
    [0] => id
    [1] => name
    [2] => entry_domain
    [3] => landing_domain
    [4] => jump_time
    [5] => show_safe
    [6] => threshold_type
    [7] => remarks
    [8] => qr_code
    [9] => original_entry_domain
    [10] => original_landing_domain
    [11] => full_entry_domain
    [12] => full_landing_domain
)

错误: 积分不足 (当前积分: 0)
2025-08-15 10:34:11 - AJAX Save QR Started
POST Data Keys: Array
(
    [0] => id
    [1] => name
    [2] => entry_domain
    [3] => landing_domain
    [4] => jump_time
    [5] => show_safe
    [6] => threshold_type
    [7] => infinite_loop
    [8] => jump_url
    [9] => threshold
    [10] => image_url
    [11] => remarks
    [12] => qr_code
    [13] => original_entry_domain
    [14] => original_landing_domain
    [15] => full_entry_domain
    [16] => full_landing_domain
)

错误: 积分不足 (当前积分: 0)
2025-08-15 10:42:51 - AJAX Save QR Started
POST Data Keys: Array
(
    [0] => id
    [1] => name
    [2] => entry_domain
    [3] => landing_domain
    [4] => jump_time
    [5] => show_safe
    [6] => threshold_type
    [7] => infinite_loop
    [8] => jump_url
    [9] => threshold
    [10] => image_url
    [11] => remarks
    [12] => qr_code
    [13] => original_entry_domain
    [14] => original_landing_domain
    [15] => full_entry_domain
    [16] => full_landing_domain
)

处理参数: id=0
处理后基本参数: name=卡卡, entry_domain=46gty8dt.mingzhizy7.cn
跳转URL数量: 1
图片数据数量: 1
图片[0]类型: Base64, 长度: 14211字节
开始事务处理
新增模式
使用前端提供的标识符: mL$YMJNY/14484462
执行SQL: INSERT INTO dwz_qrcode (uid, name, code, entry_domain, landing_domain, jump_time, show_safe, 
                            threshold_type, infinite_loop, remarks, addtime, updatetime, state, wechat_status) 
                            VALUES ('10039', '卡卡', 'mL$YMJNY/14484462', '46gty8dt.mingzhizy7.cn', 'ellce55o.harauto.cn', '1', 
                            '1', '1', '1', '', '2025-08-15 10:42:51', '2025-08-15 10:42:51', 1, 1)
最终获取新插入ID: 31
生成随机二级域名: w51pj8
域名已有二级域名，添加前缀: http://46gty8dt.mingzhizy7.cn/qr/31
使用前端提供的完整URL生成二维码: http://46gty8dt.mingzhizy7.cn/qr/31
开始处理跳转链接数据，数量: 1
处理第0个链接: http://zqrz.shop/index/?t=xftsDXuNIB
图片[0]长度: 14211字节
执行插入跳转URL SQL (不显示完整SQL以避免日志过大)
提交事务
保存成功，返回ID: 31
2025-08-15 10:46:42 - AJAX Save QR Started
POST Data Keys: Array
(
    [0] => id
    [1] => name
    [2] => entry_domain
    [3] => landing_domain
    [4] => jump_time
    [5] => show_safe
    [6] => threshold_type
    [7] => jump_url
    [8] => threshold
    [9] => image_url
    [10] => remarks
    [11] => qr_code
    [12] => original_entry_domain
    [13] => original_landing_domain
    [14] => full_entry_domain
    [15] => full_landing_domain
)

处理参数: id=0
处理后基本参数: name=小, entry_domain=0sx9dxp.tfhanjie.com.cn
跳转URL数量: 1
图片数据数量: 1
图片[0]类型: Base64, 长度: 14211字节
开始事务处理
新增模式
使用前端提供的标识符: ZbAL@H9a/77560946
执行SQL: INSERT INTO dwz_qrcode (uid, name, code, entry_domain, landing_domain, jump_time, show_safe, 
                            threshold_type, infinite_loop, remarks, addtime, updatetime, state, wechat_status) 
                            VALUES ('10039', '小', 'ZbAL@H9a/77560946', '0sx9dxp.tfhanjie.com.cn', 'e6pm23ia.mysy5800.com', '1', 
                            '1', '1', '0', '', '2025-08-15 10:46:42', '2025-08-15 10:46:42', 1, 1)
最终获取新插入ID: 32
生成随机二级域名: ti7cxra
域名已有二级域名，添加前缀: http://0sx9dxp.tfhanjie.com.cn/qr/32
使用前端提供的完整URL生成二维码: http://0sx9dxp.tfhanjie.com.cn/qr/32
开始处理跳转链接数据，数量: 1
处理第0个链接: http://zqrz.shop/index/?t=xftsDXuNIB
图片[0]长度: 14211字节
执行插入跳转URL SQL (不显示完整SQL以避免日志过大)
提交事务
保存成功，返回ID: 32
2025-08-15 10:52:13 - AJAX Save QR Started
POST Data Keys: Array
(
    [0] => id
    [1] => name
    [2] => entry_domain
    [3] => landing_domain
    [4] => jump_time
    [5] => show_safe
    [6] => threshold_type
    [7] => jump_url
    [8] => threshold
    [9] => image_url
    [10] => remarks
    [11] => original_entry_domain
    [12] => original_landing_domain
    [13] => keep_original_entry
    [14] => keep_original_landing
)

处理参数: id=32
处理后基本参数: name=小, entry_domain=0sx9dxp.tfhanjie.com.cn
跳转URL数量: 1
图片数据数量: 1
图片[0]类型: Base64, 长度: 14207字节
开始事务处理
更新模式: ID=32
原始入口域名: 0sx9dxp.tfhanjie.com.cn, 提交的入口域名: 0sx9dxp.tfhanjie.com.cn
原始落地域名: e6pm23ia.mysy5800.com, 提交的落地域名: e6pm23ia.mysy5800.com
保留原始入口域名: 0sx9dxp.tfhanjie.com.cn
保留原始落地域名: e6pm23ia.mysy5800.com
域名是否变更: 否 (原入口域名: 0sx9dxp.tfhanjie.com.cn, 新入口域名: 0sx9dxp.tfhanjie.com.cn, 原落地域名: e6pm23ia.mysy5800.com, 新落地域名: e6pm23ia.mysy5800.com)
执行SQL: UPDATE dwz_qrcode SET 
                            name = '小',
                            entry_domain = '0sx9dxp.tfhanjie.com.cn',
                            landing_domain = 'e6pm23ia.mysy5800.com',
                            jump_time = '1',
                            show_safe = '1',
                            threshold_type = '1',
                            infinite_loop = '0',
                            remarks = '',
                            updatetime = '2025-08-15 10:52:13'
                            WHERE id = '32' AND uid = '10039'
执行SQL: DELETE FROM dwz_qrcode_data WHERE qid = '32'
域名未变更，保留原有二维码
开始处理跳转链接数据，数量: 1
处理第0个链接: http://tifthnsu.yptjs.cn/f.Qy5WBB
图片[0]长度: 14207字节
执行插入跳转URL SQL (不显示完整SQL以避免日志过大)
提交事务
保存成功，返回ID: 32
2025-08-15 12:01:39 - AJAX Save QR Started
POST Data Keys: Array
(
    [0] => id
    [1] => name
    [2] => entry_domain
    [3] => landing_domain
    [4] => jump_time
    [5] => show_safe
    [6] => threshold_type
    [7] => jump_url
    [8] => threshold
    [9] => image_url
    [10] => remarks
    [11] => original_entry_domain
    [12] => original_landing_domain
    [13] => keep_original_entry
    [14] => keep_original_landing
)

处理参数: id=32
处理后基本参数: name=小, entry_domain=0sx9dxp.tfhanjie.com.cn
跳转URL数量: 1
图片数据数量: 1
图片[0]类型: Base64, 长度: 14191字节
开始事务处理
更新模式: ID=32
原始入口域名: 0sx9dxp.tfhanjie.com.cn, 提交的入口域名: 0sx9dxp.tfhanjie.com.cn
原始落地域名: e6pm23ia.mysy5800.com, 提交的落地域名: e6pm23ia.mysy5800.com
保留原始入口域名: 0sx9dxp.tfhanjie.com.cn
保留原始落地域名: e6pm23ia.mysy5800.com
域名是否变更: 否 (原入口域名: 0sx9dxp.tfhanjie.com.cn, 新入口域名: 0sx9dxp.tfhanjie.com.cn, 原落地域名: e6pm23ia.mysy5800.com, 新落地域名: e6pm23ia.mysy5800.com)
执行SQL: UPDATE dwz_qrcode SET 
                            name = '小',
                            entry_domain = '0sx9dxp.tfhanjie.com.cn',
                            landing_domain = 'e6pm23ia.mysy5800.com',
                            jump_time = '1',
                            show_safe = '1',
                            threshold_type = '1',
                            infinite_loop = '0',
                            remarks = '',
                            updatetime = '2025-08-15 12:01:39'
                            WHERE id = '32' AND uid = '10039'
执行SQL: DELETE FROM dwz_qrcode_data WHERE qid = '32'
域名未变更，保留原有二维码
开始处理跳转链接数据，数量: 1
处理第0个链接: http://ad6d4r5.yptjs.cn/f.7sXBYc
图片[0]长度: 14191字节
执行插入跳转URL SQL (不显示完整SQL以避免日志过大)
提交事务
保存成功，返回ID: 32
2025-08-18 15:57:06 - AJAX Save QR Started
POST Data Keys: Array
(
    [0] => id
    [1] => name
    [2] => entry_domain
    [3] => landing_domain
    [4] => jump_time
    [5] => show_safe
    [6] => threshold_type
    [7] => jump_url
    [8] => threshold
    [9] => image_url
    [10] => remarks
    [11] => qr_code
    [12] => original_entry_domain
    [13] => original_landing_domain
    [14] => full_entry_domain
    [15] => full_landing_domain
)

错误: 积分不足 (当前积分: 0)
2025-08-18 16:25:07 - AJAX Save QR Started
POST Data Keys: Array
(
    [0] => id
    [1] => name
    [2] => entry_domain
    [3] => landing_domain
    [4] => jump_time
    [5] => show_safe
    [6] => threshold_type
    [7] => jump_url
    [8] => threshold
    [9] => image_url
    [10] => remarks
    [11] => qr_code
    [12] => original_entry_domain
    [13] => original_landing_domain
    [14] => full_entry_domain
    [15] => full_landing_domain
)

错误: 积分不足 (当前积分: 0)
2025-08-18 16:36:37 - AJAX Save QR Started
POST Data Keys: Array
(
    [0] => id
    [1] => name
    [2] => entry_domain
    [3] => landing_domain
    [4] => jump_time
    [5] => show_safe
    [6] => threshold_type
    [7] => jump_url
    [8] => threshold
    [9] => image_url
    [10] => remarks
    [11] => qr_code
    [12] => original_entry_domain
    [13] => original_landing_domain
    [14] => full_entry_domain
    [15] => full_landing_domain
)

处理参数: id=0
处理后基本参数: name=今天, entry_domain=2bfzf4cl.hnchmy.cn
跳转URL数量: 1
图片数据数量: 1
图片[0]类型: Base64, 长度: 20295字节
开始事务处理
新增模式
使用前端提供的标识符: #%BC!x!f/40767674
执行SQL: INSERT INTO dwz_qrcode (uid, name, code, entry_domain, landing_domain, jump_time, show_safe, 
                            threshold_type, infinite_loop, remarks, addtime, updatetime, state, wechat_status) 
                            VALUES ('10040', '今天', '#%BC!x!f/40767674', '2bfzf4cl.hnchmy.cn', 'i76g3.yinjuzi.cn', '3', 
                            '1', '1', '0', '', '2025-08-18 16:36:37', '2025-08-18 16:36:37', 1, 1)
最终获取新插入ID: 33
生成随机二级域名: 1xus9os
域名已有二级域名，添加前缀: http://2bfzf4cl.hnchmy.cn/qr/33
使用前端提供的完整URL生成二维码: http://2bfzf4cl.hnchmy.cn/qr/33
开始处理跳转链接数据，数量: 1
处理第0个链接: https://wx.10086.cn/qwhdhub/leadin/1025072510?A_C_CODE=RfU63Xwfo8&channelId=P00000107730#/
图片[0]长度: 20295字节
执行插入跳转URL SQL (不显示完整SQL以避免日志过大)
提交事务
保存成功，返回ID: 33
2025-08-18 16:42:10 - AJAX Save QR Started
POST Data Keys: Array
(
    [0] => id
    [1] => name
    [2] => entry_domain
    [3] => landing_domain
    [4] => jump_time
    [5] => show_safe
    [6] => threshold_type
    [7] => jump_url
    [8] => threshold
    [9] => image_url
    [10] => remarks
    [11] => original_entry_domain
    [12] => original_landing_domain
    [13] => keep_original_entry
    [14] => keep_original_landing
)

处理参数: id=33
处理后基本参数: name=今天, entry_domain=2bfzf4cl.hnchmy.cn
跳转URL数量: 1
图片数据数量: 1
图片[0]类型: Base64, 长度: 20299字节
开始事务处理
更新模式: ID=33
原始入口域名: 2bfzf4cl.hnchmy.cn, 提交的入口域名: 2bfzf4cl.hnchmy.cn
原始落地域名: i76g3.yinjuzi.cn, 提交的落地域名: i76g3.yinjuzi.cn
保留原始入口域名: 2bfzf4cl.hnchmy.cn
保留原始落地域名: i76g3.yinjuzi.cn
域名是否变更: 否 (原入口域名: 2bfzf4cl.hnchmy.cn, 新入口域名: 2bfzf4cl.hnchmy.cn, 原落地域名: i76g3.yinjuzi.cn, 新落地域名: i76g3.yinjuzi.cn)
执行SQL: UPDATE dwz_qrcode SET 
                            name = '今天',
                            entry_domain = '2bfzf4cl.hnchmy.cn',
                            landing_domain = 'i76g3.yinjuzi.cn',
                            jump_time = '2',
                            show_safe = '1',
                            threshold_type = '1',
                            infinite_loop = '0',
                            remarks = '',
                            updatetime = '2025-08-18 16:42:10'
                            WHERE id = '33' AND uid = '10040'
执行SQL: DELETE FROM dwz_qrcode_data WHERE qid = '33'
域名未变更，保留原有二维码
开始处理跳转链接数据，数量: 1
处理第0个链接: https://wx.10086.cn/qwhdhub/leadin/1025072510?A_C_CODE=RfU63Xwfo8&channelId=P00000107730#/
图片[0]长度: 20299字节
执行插入跳转URL SQL (不显示完整SQL以避免日志过大)
提交事务
保存成功，返回ID: 33
2025-08-18 16:45:07 - AJAX Save QR Started
POST Data Keys: Array
(
    [0] => id
    [1] => name
    [2] => entry_domain
    [3] => landing_domain
    [4] => jump_time
    [5] => show_safe
    [6] => threshold_type
    [7] => jump_url
    [8] => threshold
    [9] => image_url
    [10] => remarks
    [11] => original_entry_domain
    [12] => original_landing_domain
    [13] => keep_original_entry
    [14] => keep_original_landing
)

处理参数: id=33
处理后基本参数: name=今天, entry_domain=2bfzf4cl.hnchmy.cn
跳转URL数量: 1
图片数据数量: 1
图片[0]类型: Base64, 长度: 20291字节
开始事务处理
更新模式: ID=33
原始入口域名: 2bfzf4cl.hnchmy.cn, 提交的入口域名: 2bfzf4cl.hnchmy.cn
原始落地域名: i76g3.yinjuzi.cn, 提交的落地域名: i76g3.yinjuzi.cn
保留原始入口域名: 2bfzf4cl.hnchmy.cn
保留原始落地域名: i76g3.yinjuzi.cn
域名是否变更: 否 (原入口域名: 2bfzf4cl.hnchmy.cn, 新入口域名: 2bfzf4cl.hnchmy.cn, 原落地域名: i76g3.yinjuzi.cn, 新落地域名: i76g3.yinjuzi.cn)
执行SQL: UPDATE dwz_qrcode SET 
                            name = '今天',
                            entry_domain = '2bfzf4cl.hnchmy.cn',
                            landing_domain = 'i76g3.yinjuzi.cn',
                            jump_time = '2',
                            show_safe = '1',
                            threshold_type = '1',
                            infinite_loop = '0',
                            remarks = '',
                            updatetime = '2025-08-18 16:45:07'
                            WHERE id = '33' AND uid = '10040'
执行SQL: DELETE FROM dwz_qrcode_data WHERE qid = '33'
域名未变更，保留原有二维码
开始处理跳转链接数据，数量: 1
处理第0个链接: https://wx.10086.cn/qwhdhub/leadin/1025072510?A_C_CODE=RfU63Xwfo8&channelId=P00000107730#/
图片[0]长度: 20291字节
执行插入跳转URL SQL (不显示完整SQL以避免日志过大)
提交事务
保存成功，返回ID: 33
2025-08-18 16:50:04 - AJAX Save QR Started
POST Data Keys: Array
(
    [0] => id
    [1] => name
    [2] => entry_domain
    [3] => landing_domain
    [4] => jump_time
    [5] => show_safe
    [6] => threshold_type
    [7] => jump_url
    [8] => threshold
    [9] => image_url
    [10] => remarks
    [11] => qr_code
    [12] => original_entry_domain
    [13] => original_landing_domain
    [14] => full_entry_domain
    [15] => full_landing_domain
)

处理参数: id=0
处理后基本参数: name=1, entry_domain=cyqyrj.cqhuangjin.cn
跳转URL数量: 1
图片数据数量: 1
开始事务处理
新增模式
使用前端提供的标识符: Wt@oeMD2/14088468
执行SQL: INSERT INTO dwz_qrcode (uid, name, code, entry_domain, landing_domain, jump_time, show_safe, 
                            threshold_type, infinite_loop, remarks, addtime, updatetime, state, wechat_status) 
                            VALUES ('10040', '1', 'Wt@oeMD2/14088468', 'cyqyrj.cqhuangjin.cn', 'yti4nkyg.jnlwhss.cn', '0', 
                            '1', '1', '0', '', '2025-08-18 16:50:04', '2025-08-18 16:50:04', 1, 1)
最终获取新插入ID: 34
生成随机二级域名: te255ql4
域名已有二级域名，添加前缀: http://cyqyrj.cqhuangjin.cn/qr/34
使用前端提供的完整URL生成二维码: http://cyqyrj.cqhuangjin.cn/qr/34
开始处理跳转链接数据，数量: 1
处理第0个链接: https://wx.10086.cn/qwhdhub/leadin/1025072510?A_C_CODE=RfU63Xwfo8&channelId=P00000107730#/
图片[0]长度: 0字节
执行插入跳转URL SQL (不显示完整SQL以避免日志过大)
提交事务
保存成功，返回ID: 34
2025-08-18 16:54:52 - AJAX Save QR Started
POST Data Keys: Array
(
    [0] => id
    [1] => name
    [2] => entry_domain
    [3] => landing_domain
    [4] => jump_time
    [5] => show_safe
    [6] => threshold_type
    [7] => jump_url
    [8] => threshold
    [9] => image_url
    [10] => remarks
    [11] => qr_code
    [12] => original_entry_domain
    [13] => original_landing_domain
    [14] => full_entry_domain
    [15] => full_landing_domain
)

处理参数: id=0
处理后基本参数: name=1, entry_domain=wwvvx1nq.xtlpy.cn
跳转URL数量: 1
图片数据数量: 1
开始事务处理
新增模式
使用前端提供的标识符: *zEFmGRY/14300089
执行SQL: INSERT INTO dwz_qrcode (uid, name, code, entry_domain, landing_domain, jump_time, show_safe, 
                            threshold_type, infinite_loop, remarks, addtime, updatetime, state, wechat_status) 
                            VALUES ('10040', '1', '*zEFmGRY/14300089', 'wwvvx1nq.xtlpy.cn', 'zwx02.jnlwhss.cn', '0', 
                            '1', '1', '0', '', '2025-08-18 16:54:52', '2025-08-18 16:54:52', 1, 1)
最终获取新插入ID: 35
生成随机二级域名: xaoog
域名已有二级域名，添加前缀: http://wwvvx1nq.xtlpy.cn/qr/35
使用前端提供的完整URL生成二维码: http://wwvvx1nq.xtlpy.cn/qr/35
开始处理跳转链接数据，数量: 1
处理第0个链接: https://wx.10086.cn/qwhdhub/leadin/1025072510?A_C_CODE=RfU63Xwfo8&channelId=P00000107730#/
图片[0]长度: 0字节
执行插入跳转URL SQL (不显示完整SQL以避免日志过大)
提交事务
保存成功，返回ID: 35
2025-08-18 16:56:25 - AJAX Save QR Started
POST Data Keys: Array
(
    [0] => id
    [1] => name
    [2] => entry_domain
    [3] => landing_domain
    [4] => jump_time
    [5] => show_safe
    [6] => threshold_type
    [7] => jump_url
    [8] => threshold
    [9] => image_url
    [10] => remarks
    [11] => qr_code
    [12] => original_entry_domain
    [13] => original_landing_domain
    [14] => full_entry_domain
    [15] => full_landing_domain
)

处理参数: id=0
处理后基本参数: name=1, entry_domain=rafdk565.xtlpy.cn
跳转URL数量: 1
图片数据数量: 1
开始事务处理
新增模式
使用前端提供的标识符: 35N8@(_U/55798331
执行SQL: INSERT INTO dwz_qrcode (uid, name, code, entry_domain, landing_domain, jump_time, show_safe, 
                            threshold_type, infinite_loop, remarks, addtime, updatetime, state, wechat_status) 
                            VALUES ('10040', '1', '35N8@(_U/55798331', 'rafdk565.xtlpy.cn', 'b5lg36uc.qthnh.cn', '0', 
                            '1', '1', '0', '', '2025-08-18 16:56:25', '2025-08-18 16:56:25', 1, 1)
最终获取新插入ID: 36
生成随机二级域名: uktxec5
域名已有二级域名，添加前缀: http://rafdk565.xtlpy.cn/qr/36
使用前端提供的完整URL生成二维码: http://rafdk565.xtlpy.cn/qr/36
开始处理跳转链接数据，数量: 1
处理第0个链接: https://wx.10086.cn/qwhdhub/leadin/1025072510?A_C_CODE=RfU63Xwfo8&channelId=P00000107730#/
图片[0]长度: 0字节
执行插入跳转URL SQL (不显示完整SQL以避免日志过大)
提交事务
保存成功，返回ID: 36
2025-08-18 17:00:03 - AJAX Save QR Started
POST Data Keys: Array
(
    [0] => id
    [1] => name
    [2] => entry_domain
    [3] => landing_domain
    [4] => jump_time
    [5] => show_safe
    [6] => threshold_type
    [7] => jump_url
    [8] => threshold
    [9] => image_url
    [10] => remarks
    [11] => qr_code
    [12] => original_entry_domain
    [13] => original_landing_domain
    [14] => full_entry_domain
    [15] => full_landing_domain
)

处理参数: id=0
处理后基本参数: name=2, entry_domain=wpld2y63.xtlpy.cn
跳转URL数量: 1
图片数据数量: 1
图片[0]类型: Base64, 长度: 20295字节
开始事务处理
新增模式
使用前端提供的标识符: L8R5Awc1/41109975
执行SQL: INSERT INTO dwz_qrcode (uid, name, code, entry_domain, landing_domain, jump_time, show_safe, 
                            threshold_type, infinite_loop, remarks, addtime, updatetime, state, wechat_status) 
                            VALUES ('10040', '2', 'L8R5Awc1/41109975', 'wpld2y63.xtlpy.cn', 'j8rd5z.qthnh.cn', '2', 
                            '1', '1', '0', '', '2025-08-18 17:00:03', '2025-08-18 17:00:03', 1, 1)
最终获取新插入ID: 37
生成随机二级域名: 8otixcm
域名已有二级域名，添加前缀: http://wpld2y63.xtlpy.cn/qr/37
使用前端提供的完整URL生成二维码: http://wpld2y63.xtlpy.cn/qr/37
开始处理跳转链接数据，数量: 1
处理第0个链接: https://wx.10086.cn/qwhdhub/leadin/1025072510?A_C_CODE=RfU63Xwfo8&channelId=P00000107730#/
图片[0]长度: 20295字节
执行插入跳转URL SQL (不显示完整SQL以避免日志过大)
提交事务
保存成功，返回ID: 37
2025-08-18 17:01:15 - AJAX Save QR Started
POST Data Keys: Array
(
    [0] => id
    [1] => name
    [2] => entry_domain
    [3] => landing_domain
    [4] => jump_time
    [5] => show_safe
    [6] => threshold_type
    [7] => jump_url
    [8] => threshold
    [9] => image_url
    [10] => remarks
    [11] => original_entry_domain
    [12] => original_landing_domain
    [13] => keep_original_entry
    [14] => keep_original_landing
)

处理参数: id=37
处理后基本参数: name=2, entry_domain=wpld2y63.xtlpy.cn
跳转URL数量: 1
图片数据数量: 1
图片[0]类型: Base64, 长度: 20299字节
开始事务处理
更新模式: ID=37
原始入口域名: wpld2y63.xtlpy.cn, 提交的入口域名: wpld2y63.xtlpy.cn
原始落地域名: j8rd5z.qthnh.cn, 提交的落地域名: j8rd5z.qthnh.cn
保留原始入口域名: wpld2y63.xtlpy.cn
保留原始落地域名: j8rd5z.qthnh.cn
域名是否变更: 否 (原入口域名: wpld2y63.xtlpy.cn, 新入口域名: wpld2y63.xtlpy.cn, 原落地域名: j8rd5z.qthnh.cn, 新落地域名: j8rd5z.qthnh.cn)
执行SQL: UPDATE dwz_qrcode SET 
                            name = '2',
                            entry_domain = 'wpld2y63.xtlpy.cn',
                            landing_domain = 'j8rd5z.qthnh.cn',
                            jump_time = '0',
                            show_safe = '1',
                            threshold_type = '1',
                            infinite_loop = '0',
                            remarks = '',
                            updatetime = '2025-08-18 17:01:15'
                            WHERE id = '37' AND uid = '10040'
执行SQL: DELETE FROM dwz_qrcode_data WHERE qid = '37'
域名未变更，保留原有二维码
开始处理跳转链接数据，数量: 1
处理第0个链接: https://wx.10086.cn/qwhdhub/leadin/1025072510?A_C_CODE=RfU63Xwfo8&channelId=P00000107730#/
图片[0]长度: 20299字节
执行插入跳转URL SQL (不显示完整SQL以避免日志过大)
提交事务
保存成功，返回ID: 37
2025-08-18 17:04:01 - AJAX Save QR Started
POST Data Keys: Array
(
    [0] => id
    [1] => name
    [2] => entry_domain
    [3] => landing_domain
    [4] => jump_time
    [5] => show_safe
    [6] => threshold_type
    [7] => jump_url
    [8] => threshold
    [9] => image_url
    [10] => remarks
    [11] => original_entry_domain
    [12] => original_landing_domain
    [13] => keep_original_entry
    [14] => keep_original_landing
)

处理参数: id=37
处理后基本参数: name=2, entry_domain=wpld2y63.xtlpy.cn
跳转URL数量: 1
图片数据数量: 1
图片[0]类型: Base64, 长度: 25355字节
开始事务处理
更新模式: ID=37
原始入口域名: wpld2y63.xtlpy.cn, 提交的入口域名: wpld2y63.xtlpy.cn
原始落地域名: j8rd5z.qthnh.cn, 提交的落地域名: j8rd5z.qthnh.cn
保留原始入口域名: wpld2y63.xtlpy.cn
保留原始落地域名: j8rd5z.qthnh.cn
域名是否变更: 否 (原入口域名: wpld2y63.xtlpy.cn, 新入口域名: wpld2y63.xtlpy.cn, 原落地域名: j8rd5z.qthnh.cn, 新落地域名: j8rd5z.qthnh.cn)
执行SQL: UPDATE dwz_qrcode SET 
                            name = '2',
                            entry_domain = 'wpld2y63.xtlpy.cn',
                            landing_domain = 'j8rd5z.qthnh.cn',
                            jump_time = '2',
                            show_safe = '1',
                            threshold_type = '1',
                            infinite_loop = '0',
                            remarks = '',
                            updatetime = '2025-08-18 17:04:01'
                            WHERE id = '37' AND uid = '10040'
执行SQL: DELETE FROM dwz_qrcode_data WHERE qid = '37'
域名未变更，保留原有二维码
开始处理跳转链接数据，数量: 1
处理第0个链接: https://wx.10086.cn/qwhdhub/leadin/1025072510?A_C_CODE=RfU63Xwfo8&channelId=P00000107730#/
图片[0]长度: 25355字节
执行插入跳转URL SQL (不显示完整SQL以避免日志过大)
提交事务
保存成功，返回ID: 37
2025-08-18 17:16:11 - AJAX Save QR Started
POST Data Keys: Array
(
    [0] => id
    [1] => name
    [2] => entry_domain
    [3] => landing_domain
    [4] => jump_time
    [5] => show_safe
    [6] => threshold_type
    [7] => jump_url
    [8] => threshold
    [9] => image_url
    [10] => remarks
    [11] => original_entry_domain
    [12] => original_landing_domain
    [13] => keep_original_entry
    [14] => keep_original_landing
)

处理参数: id=37
处理后基本参数: name=2, entry_domain=wpld2y63.xtlpy.cn
跳转URL数量: 1
图片数据数量: 1
图片[0]类型: Base64, 长度: 19391字节
开始事务处理
更新模式: ID=37
原始入口域名: wpld2y63.xtlpy.cn, 提交的入口域名: wpld2y63.xtlpy.cn
原始落地域名: j8rd5z.qthnh.cn, 提交的落地域名: j8rd5z.qthnh.cn
保留原始入口域名: wpld2y63.xtlpy.cn
保留原始落地域名: j8rd5z.qthnh.cn
域名是否变更: 否 (原入口域名: wpld2y63.xtlpy.cn, 新入口域名: wpld2y63.xtlpy.cn, 原落地域名: j8rd5z.qthnh.cn, 新落地域名: j8rd5z.qthnh.cn)
执行SQL: UPDATE dwz_qrcode SET 
                            name = '2',
                            entry_domain = 'wpld2y63.xtlpy.cn',
                            landing_domain = 'j8rd5z.qthnh.cn',
                            jump_time = '3',
                            show_safe = '1',
                            threshold_type = '1',
                            infinite_loop = '0',
                            remarks = '',
                            updatetime = '2025-08-18 17:16:11'
                            WHERE id = '37' AND uid = '10040'
执行SQL: DELETE FROM dwz_qrcode_data WHERE qid = '37'
域名未变更，保留原有二维码
开始处理跳转链接数据，数量: 1
处理第0个链接: https://wx.10086.cn/qwhdhub/leadin/1025072510?A_C_CODE=RfU63Xwfo8&channelId=P00000107730#/
图片[0]长度: 19391字节
执行插入跳转URL SQL (不显示完整SQL以避免日志过大)
提交事务
保存成功，返回ID: 37
2025-08-18 23:27:37 - AJAX Save QR Started
POST Data Keys: Array
(
    [0] => id
    [1] => name
    [2] => entry_domain
    [3] => landing_domain
    [4] => jump_time
    [5] => show_safe
    [6] => threshold_type
    [7] => jump_url
    [8] => threshold
    [9] => image_url
    [10] => remarks
    [11] => original_entry_domain
    [12] => original_landing_domain
    [13] => keep_original_entry
    [14] => keep_original_landing
)

处理参数: id=37
处理后基本参数: name=2, entry_domain=wpld2y63.xtlpy.cn
跳转URL数量: 3
图片数据数量: 3
图片[0]类型: Base64, 长度: 19363字节
图片[1]类型: Base64, 长度: 19391字节
图片[2]类型: Base64, 长度: 19391字节
开始事务处理
更新模式: ID=37
原始入口域名: wpld2y63.xtlpy.cn, 提交的入口域名: wpld2y63.xtlpy.cn
原始落地域名: j8rd5z.qthnh.cn, 提交的落地域名: j8rd5z.qthnh.cn
保留原始入口域名: wpld2y63.xtlpy.cn
保留原始落地域名: j8rd5z.qthnh.cn
域名是否变更: 否 (原入口域名: wpld2y63.xtlpy.cn, 新入口域名: wpld2y63.xtlpy.cn, 原落地域名: j8rd5z.qthnh.cn, 新落地域名: j8rd5z.qthnh.cn)
执行SQL: UPDATE dwz_qrcode SET 
                            name = '2',
                            entry_domain = 'wpld2y63.xtlpy.cn',
                            landing_domain = 'j8rd5z.qthnh.cn',
                            jump_time = '3',
                            show_safe = '1',
                            threshold_type = '1',
                            infinite_loop = '0',
                            remarks = '',
                            updatetime = '2025-08-18 23:27:37'
                            WHERE id = '37' AND uid = '10040'
执行SQL: DELETE FROM dwz_qrcode_data WHERE qid = '37'
域名未变更，保留原有二维码
开始处理跳转链接数据，数量: 3
处理第0个链接: https://wx.10086.cn/qwhdhub/leadin/1025072510?A_C_CODE=RfU63Xwfo8&channelId=P00000107730#/
图片[0]长度: 19363字节
执行插入跳转URL SQL (不显示完整SQL以避免日志过大)
处理第1个链接: https://wx.10086.cn/qwhdhub/leadin/1025072510?A_C_CODE=RfU63Xwfo8&channelId=P00000107730#/
图片[1]长度: 19391字节
执行插入跳转URL SQL (不显示完整SQL以避免日志过大)
处理第2个链接: https://wx.10086.cn/qwhdhub/leadin/1025072510?A_C_CODE=RfU63Xwfo8&channelId=P00000107730#/
图片[2]长度: 19391字节
执行插入跳转URL SQL (不显示完整SQL以避免日志过大)
提交事务
保存成功，返回ID: 37
2025-08-18 23:28:24 - AJAX Save QR Started
POST Data Keys: Array
(
    [0] => id
    [1] => name
    [2] => entry_domain
    [3] => landing_domain
    [4] => jump_time
    [5] => show_safe
    [6] => threshold_type
    [7] => infinite_loop
    [8] => jump_url
    [9] => threshold
    [10] => image_url
    [11] => remarks
    [12] => original_entry_domain
    [13] => original_landing_domain
    [14] => keep_original_entry
    [15] => keep_original_landing
)

处理参数: id=37
处理后基本参数: name=2, entry_domain=wpld2y63.xtlpy.cn
跳转URL数量: 3
图片数据数量: 3
图片[0]类型: Base64, 长度: 19367字节
图片[1]类型: Base64, 长度: 19363字节
图片[2]类型: Base64, 长度: 19363字节
开始事务处理
更新模式: ID=37
原始入口域名: wpld2y63.xtlpy.cn, 提交的入口域名: wpld2y63.xtlpy.cn
原始落地域名: j8rd5z.qthnh.cn, 提交的落地域名: j8rd5z.qthnh.cn
保留原始入口域名: wpld2y63.xtlpy.cn
保留原始落地域名: j8rd5z.qthnh.cn
域名是否变更: 否 (原入口域名: wpld2y63.xtlpy.cn, 新入口域名: wpld2y63.xtlpy.cn, 原落地域名: j8rd5z.qthnh.cn, 新落地域名: j8rd5z.qthnh.cn)
执行SQL: UPDATE dwz_qrcode SET 
                            name = '2',
                            entry_domain = 'wpld2y63.xtlpy.cn',
                            landing_domain = 'j8rd5z.qthnh.cn',
                            jump_time = '3',
                            show_safe = '1',
                            threshold_type = '1',
                            infinite_loop = '1',
                            remarks = '',
                            updatetime = '2025-08-18 23:28:24'
                            WHERE id = '37' AND uid = '10040'
执行SQL: DELETE FROM dwz_qrcode_data WHERE qid = '37'
域名未变更，保留原有二维码
开始处理跳转链接数据，数量: 3
处理第0个链接: https://wx.10086.cn/qwhdhub/leadin/1025072510?A_C_CODE=RfU63Xwfo8&channelId=P00000107730#/
图片[0]长度: 19367字节
执行插入跳转URL SQL (不显示完整SQL以避免日志过大)
处理第1个链接: https://wx.10086.cn/qwhdhub/leadin/1025072510?A_C_CODE=RfU63Xwfo8&channelId=P00000107730#/
图片[1]长度: 19363字节
执行插入跳转URL SQL (不显示完整SQL以避免日志过大)
处理第2个链接: https://wx.10086.cn/qwhdhub/leadin/1025072510?A_C_CODE=RfU63Xwfo8&channelId=P00000107730#/
图片[2]长度: 19363字节
执行插入跳转URL SQL (不显示完整SQL以避免日志过大)
提交事务
保存成功，返回ID: 37
2025-08-18 23:29:14 - AJAX Save QR Started
POST Data Keys: Array
(
    [0] => id
    [1] => name
    [2] => entry_domain
    [3] => landing_domain
    [4] => jump_time
    [5] => show_safe
    [6] => threshold_type
    [7] => infinite_loop
    [8] => jump_url
    [9] => threshold
    [10] => image_url
    [11] => remarks
    [12] => original_entry_domain
    [13] => original_landing_domain
    [14] => keep_original_entry
    [15] => keep_original_landing
)

处理参数: id=37
处理后基本参数: name=2, entry_domain=wpld2y63.xtlpy.cn
跳转URL数量: 2
图片数据数量: 2
图片[0]类型: Base64, 长度: 19367字节
图片[1]类型: Base64, 长度: 19367字节
开始事务处理
更新模式: ID=37
原始入口域名: wpld2y63.xtlpy.cn, 提交的入口域名: wpld2y63.xtlpy.cn
原始落地域名: j8rd5z.qthnh.cn, 提交的落地域名: j8rd5z.qthnh.cn
保留原始入口域名: wpld2y63.xtlpy.cn
保留原始落地域名: j8rd5z.qthnh.cn
域名是否变更: 否 (原入口域名: wpld2y63.xtlpy.cn, 新入口域名: wpld2y63.xtlpy.cn, 原落地域名: j8rd5z.qthnh.cn, 新落地域名: j8rd5z.qthnh.cn)
执行SQL: UPDATE dwz_qrcode SET 
                            name = '2',
                            entry_domain = 'wpld2y63.xtlpy.cn',
                            landing_domain = 'j8rd5z.qthnh.cn',
                            jump_time = '3',
                            show_safe = '1',
                            threshold_type = '1',
                            infinite_loop = '1',
                            remarks = '',
                            updatetime = '2025-08-18 23:29:14'
                            WHERE id = '37' AND uid = '10040'
执行SQL: DELETE FROM dwz_qrcode_data WHERE qid = '37'
域名未变更，保留原有二维码
开始处理跳转链接数据，数量: 2
处理第0个链接: https://wx.10086.cn/qwhdhub/leadin/1025072510?A_C_CODE=RfU63Xwfo8&channelId=P00000107730#/
图片[0]长度: 19367字节
执行插入跳转URL SQL (不显示完整SQL以避免日志过大)
处理第1个链接: https://wx.10086.cn/qwhdhub/leadin/1025072510?A_C_CODE=RfU63Xwfo8&channelId=P00000107730#/
图片[1]长度: 19367字节
执行插入跳转URL SQL (不显示完整SQL以避免日志过大)
提交事务
保存成功，返回ID: 37
2025-08-18 23:34:10 - AJAX Save QR Started
POST Data Keys: Array
(
    [0] => id
    [1] => name
    [2] => entry_domain
    [3] => landing_domain
    [4] => jump_time
    [5] => show_safe
    [6] => threshold_type
    [7] => infinite_loop
    [8] => jump_url
    [9] => threshold
    [10] => image_url
    [11] => remarks
    [12] => original_entry_domain
    [13] => original_landing_domain
    [14] => keep_original_entry
    [15] => keep_original_landing
)

处理参数: id=37
处理后基本参数: name=2, entry_domain=tfhanjie.com.cn
跳转URL数量: 2
图片数据数量: 2
图片[0]类型: Base64, 长度: 19367字节
图片[1]类型: Base64, 长度: 19367字节
开始事务处理
更新模式: ID=37
原始入口域名: wpld2y63.xtlpy.cn, 提交的入口域名: tfhanjie.com.cn
原始落地域名: j8rd5z.qthnh.cn, 提交的落地域名: j8rd5z.qthnh.cn
使用新的入口域名: tfhanjie.com.cn
保留原始落地域名: j8rd5z.qthnh.cn
域名是否变更: 是 (原入口域名: wpld2y63.xtlpy.cn, 新入口域名: tfhanjie.com.cn, 原落地域名: j8rd5z.qthnh.cn, 新落地域名: j8rd5z.qthnh.cn)
执行SQL: UPDATE dwz_qrcode SET 
                            name = '2',
                            entry_domain = 'tfhanjie.com.cn',
                            landing_domain = 'j8rd5z.qthnh.cn',
                            jump_time = '3',
                            show_safe = '1',
                            threshold_type = '1',
                            infinite_loop = '1',
                            remarks = '',
                            updatetime = '2025-08-18 23:34:10'
                            WHERE id = '37' AND uid = '10040'
执行SQL: DELETE FROM dwz_qrcode_data WHERE qid = '37'
域名已变更，重新生成二维码
域名添加前缀: http://tfhanjie.com.cn/L8R5Awc1/41109975
更新模式生成二维码，内容为: http://tfhanjie.com.cn/L8R5Awc1/41109975
开始处理跳转链接数据，数量: 2
处理第0个链接: https://wx.10086.cn/qwhdhub/leadin/1025072510?A_C_CODE=RfU63Xwfo8&channelId=P00000107730#/
图片[0]长度: 19367字节
执行插入跳转URL SQL (不显示完整SQL以避免日志过大)
处理第1个链接: https://wx.10086.cn/qwhdhub/leadin/1025072510?A_C_CODE=RfU63Xwfo8&channelId=P00000107730#/
图片[1]长度: 19367字节
执行插入跳转URL SQL (不显示完整SQL以避免日志过大)
提交事务
保存成功，返回ID: 37
2025-08-19 00:08:40 - AJAX Save QR Started
POST Data Keys: Array
(
    [0] => id
    [1] => name
    [2] => entry_domain
    [3] => landing_domain
    [4] => jump_time
    [5] => show_safe
    [6] => threshold_type
    [7] => infinite_loop
    [8] => jump_url
    [9] => threshold
    [10] => image_url
    [11] => remarks
    [12] => original_entry_domain
    [13] => original_landing_domain
    [14] => keep_original_entry
    [15] => keep_original_landing
)

处理参数: id=37
处理后基本参数: name=2, entry_domain=xtlpy.cn
跳转URL数量: 2
图片数据数量: 2
图片[0]类型: Base64, 长度: 19355字节
图片[1]类型: Base64, 长度: 19355字节
开始事务处理
更新模式: ID=37
原始入口域名: tfhanjie.com.cn, 提交的入口域名: xtlpy.cn
原始落地域名: j8rd5z.qthnh.cn, 提交的落地域名: jnlwhss.cn
使用新的入口域名: xtlpy.cn
使用新的落地域名: jnlwhss.cn
域名是否变更: 是 (原入口域名: tfhanjie.com.cn, 新入口域名: xtlpy.cn, 原落地域名: j8rd5z.qthnh.cn, 新落地域名: jnlwhss.cn)
执行SQL: UPDATE dwz_qrcode SET 
                            name = '2',
                            entry_domain = 'xtlpy.cn',
                            landing_domain = 'jnlwhss.cn',
                            jump_time = '3',
                            show_safe = '1',
                            threshold_type = '1',
                            infinite_loop = '1',
                            remarks = '',
                            updatetime = '2025-08-19 00:08:40'
                            WHERE id = '37' AND uid = '10040'
执行SQL: DELETE FROM dwz_qrcode_data WHERE qid = '37'
域名已变更，重新生成二维码
生成随机二级域名: 5mzqpf2n
域名添加前缀和随机二级域名: http://5mzqpf2n.xtlpy.cn/L8R5Awc1/41109975
更新模式生成二维码，内容为: http://5mzqpf2n.xtlpy.cn/L8R5Awc1/41109975
开始处理跳转链接数据，数量: 2
处理第0个链接: https://wx.10086.cn/qwhdhub/leadin/1025072510?A_C_CODE=RfU63Xwfo8&channelId=P00000107730#/
图片[0]长度: 19355字节
执行插入跳转URL SQL (不显示完整SQL以避免日志过大)
处理第1个链接: https://wx.10086.cn/qwhdhub/leadin/1025072510?A_C_CODE=RfU63Xwfo8&channelId=P00000107730#/
图片[1]长度: 19355字节
执行插入跳转URL SQL (不显示完整SQL以避免日志过大)
提交事务
保存成功，返回ID: 37
2025-08-19 00:11:05 - AJAX Save QR Started
POST Data Keys: Array
(
    [0] => id
    [1] => name
    [2] => entry_domain
    [3] => landing_domain
    [4] => jump_time
    [5] => show_safe
    [6] => threshold_type
    [7] => infinite_loop
    [8] => jump_url
    [9] => threshold
    [10] => image_url
    [11] => remarks
    [12] => original_entry_domain
    [13] => original_landing_domain
    [14] => keep_original_entry
    [15] => keep_original_landing
)

处理参数: id=37
处理后基本参数: name=2, entry_domain=xtlpy.cn
跳转URL数量: 2
图片数据数量: 2
图片[0]类型: Base64, 长度: 19355字节
图片[1]类型: Base64, 长度: 19355字节
开始事务处理
更新模式: ID=37
原始入口域名: xtlpy.cn, 提交的入口域名: xtlpy.cn
原始落地域名: jnlwhss.cn, 提交的落地域名: kjasfy.cn
保留原始入口域名: xtlpy.cn
使用新的落地域名: kjasfy.cn
域名是否变更: 是 (原入口域名: xtlpy.cn, 新入口域名: xtlpy.cn, 原落地域名: jnlwhss.cn, 新落地域名: kjasfy.cn)
执行SQL: UPDATE dwz_qrcode SET 
                            name = '2',
                            entry_domain = 'xtlpy.cn',
                            landing_domain = 'kjasfy.cn',
                            jump_time = '3',
                            show_safe = '1',
                            threshold_type = '1',
                            infinite_loop = '1',
                            remarks = '',
                            updatetime = '2025-08-19 00:11:05'
                            WHERE id = '37' AND uid = '10040'
执行SQL: DELETE FROM dwz_qrcode_data WHERE qid = '37'
域名已变更，重新生成二维码
生成随机二级域名: i7nkdr
域名添加前缀和随机二级域名: http://i7nkdr.xtlpy.cn/L8R5Awc1/41109975
更新模式生成二维码，内容为: http://i7nkdr.xtlpy.cn/L8R5Awc1/41109975
开始处理跳转链接数据，数量: 2
处理第0个链接: https://wx.10086.cn/qwhdhub/leadin/1025072510?A_C_CODE=RfU63Xwfo8&channelId=P00000107730#/
图片[0]长度: 19355字节
执行插入跳转URL SQL (不显示完整SQL以避免日志过大)
处理第1个链接: https://wx.10086.cn/qwhdhub/leadin/1025072510?A_C_CODE=RfU63Xwfo8&channelId=P00000107730#/
图片[1]长度: 19355字节
执行插入跳转URL SQL (不显示完整SQL以避免日志过大)
提交事务
保存成功，返回ID: 37
2025-08-19 00:17:14 - AJAX Save QR Started
POST Data Keys: Array
(
    [0] => id
    [1] => name
    [2] => entry_domain
    [3] => landing_domain
    [4] => jump_time
    [5] => show_safe
    [6] => threshold_type
    [7] => infinite_loop
    [8] => jump_url
    [9] => threshold
    [10] => image_url
    [11] => remarks
    [12] => original_entry_domain
    [13] => original_landing_domain
    [14] => keep_original_entry
    [15] => keep_original_landing
)

处理参数: id=37
处理后基本参数: name=2, entry_domain=xtlpy.cn
跳转URL数量: 2
图片数据数量: 2
图片[0]类型: Base64, 长度: 19363字节
图片[1]类型: Base64, 长度: 19363字节
开始事务处理
更新模式: ID=37
原始入口域名: xtlpy.cn, 提交的入口域名: xtlpy.cn
原始落地域名: kjasfy.cn, 提交的落地域名: qthnh.cn
保留原始入口域名: xtlpy.cn
使用新的落地域名: qthnh.cn
域名是否变更: 是 (原入口域名: xtlpy.cn, 新入口域名: xtlpy.cn, 原落地域名: kjasfy.cn, 新落地域名: qthnh.cn)
执行SQL: UPDATE dwz_qrcode SET 
                            name = '2',
                            entry_domain = 'xtlpy.cn',
                            landing_domain = 'qthnh.cn',
                            jump_time = '3',
                            show_safe = '1',
                            threshold_type = '1',
                            infinite_loop = '1',
                            remarks = '',
                            updatetime = '2025-08-19 00:17:14'
                            WHERE id = '37' AND uid = '10040'
执行SQL: DELETE FROM dwz_qrcode_data WHERE qid = '37'
域名已变更，重新生成二维码
生成随机二级域名: bxssqhkv
域名添加前缀和随机二级域名: http://bxssqhkv.xtlpy.cn/L8R5Awc1/41109975
更新模式生成二维码，内容为: http://bxssqhkv.xtlpy.cn/L8R5Awc1/41109975
开始处理跳转链接数据，数量: 2
处理第0个链接: https://wx.10086.cn/qwhdhub/leadin/1025072510?A_C_CODE=RfU63Xwfo8&channelId=P00000107730#/
图片[0]长度: 19363字节
执行插入跳转URL SQL (不显示完整SQL以避免日志过大)
处理第1个链接: https://wx.10086.cn/qwhdhub/leadin/1025072510?A_C_CODE=RfU63Xwfo8&channelId=P00000107730#/
图片[1]长度: 19363字节
执行插入跳转URL SQL (不显示完整SQL以避免日志过大)
提交事务
保存成功，返回ID: 37
2025-08-20 04:21:40 - AJAX Save QR Started
POST Data Keys: Array
(
    [0] => id
    [1] => name
    [2] => entry_domain
    [3] => landing_domain
    [4] => jump_time
    [5] => show_safe
    [6] => threshold_type
    [7] => jump_url
    [8] => threshold
    [9] => image_url
    [10] => remarks
    [11] => original_entry_domain
    [12] => original_landing_domain
    [13] => keep_original_entry
    [14] => keep_original_landing
)

处理参数: id=37
处理后基本参数: name=2, entry_domain=xtlpy.cn
跳转URL数量: 1
图片数据数量: 1
图片[0]类型: Base64, 长度: 19363字节
开始事务处理
更新模式: ID=37
原始入口域名: xtlpy.cn, 提交的入口域名: xtlpy.cn
原始落地域名: qthnh.cn, 提交的落地域名: qthnh.cn
保留原始入口域名: xtlpy.cn
保留原始落地域名: qthnh.cn
域名是否变更: 否 (原入口域名: xtlpy.cn, 新入口域名: xtlpy.cn, 原落地域名: qthnh.cn, 新落地域名: qthnh.cn)
执行SQL: UPDATE dwz_qrcode SET 
                            name = '2',
                            entry_domain = 'xtlpy.cn',
                            landing_domain = 'qthnh.cn',
                            jump_time = '3',
                            show_safe = '1',
                            threshold_type = '1',
                            infinite_loop = '0',
                            remarks = '',
                            updatetime = '2025-08-20 04:21:40'
                            WHERE id = '37' AND uid = '10040'
执行SQL: DELETE FROM dwz_qrcode_data WHERE qid = '37'
域名未变更，保留原有二维码
开始处理跳转链接数据，数量: 1
处理第0个链接: https://wx.10086.cn/qwhdhub/leadin/1025072510?A_C_CODE=RfU63Xwfo8&channelId=P00000107730#/
图片[0]长度: 19363字节
执行插入跳转URL SQL (不显示完整SQL以避免日志过大)
提交事务
保存成功，返回ID: 37
2025-08-20 16:39:38 - AJAX Save QR Started
POST Data Keys: Array
(
    [0] => id
    [1] => name
    [2] => entry_domain
    [3] => landing_domain
    [4] => jump_time
    [5] => show_safe
    [6] => threshold_type
    [7] => jump_url
    [8] => threshold
    [9] => image_url
    [10] => remarks
    [11] => original_entry_domain
    [12] => original_landing_domain
    [13] => keep_original_entry
    [14] => keep_original_landing
)

处理参数: id=37
处理后基本参数: name=2, entry_domain=cqhuangjin.cn
跳转URL数量: 1
图片数据数量: 1
图片[0]类型: Base64, 长度: 19363字节
开始事务处理
更新模式: ID=37
原始入口域名: xtlpy.cn, 提交的入口域名: cqhuangjin.cn
原始落地域名: qthnh.cn, 提交的落地域名: qthnh.cn
使用新的入口域名: cqhuangjin.cn
保留原始落地域名: qthnh.cn
域名是否变更: 是 (原入口域名: xtlpy.cn, 新入口域名: cqhuangjin.cn, 原落地域名: qthnh.cn, 新落地域名: qthnh.cn)
执行SQL: UPDATE dwz_qrcode SET 
                            name = '2',
                            entry_domain = 'cqhuangjin.cn',
                            landing_domain = 'qthnh.cn',
                            jump_time = '3',
                            show_safe = '1',
                            threshold_type = '1',
                            infinite_loop = '0',
                            remarks = '',
                            updatetime = '2025-08-20 16:39:38'
                            WHERE id = '37' AND uid = '10040'
执行SQL: DELETE FROM dwz_qrcode_data WHERE qid = '37'
域名已变更，重新生成二维码
生成随机二级域名: bgediwz
域名添加前缀和随机二级域名: http://bgediwz.cqhuangjin.cn/L8R5Awc1/41109975
更新模式生成二维码，内容为: http://bgediwz.cqhuangjin.cn/L8R5Awc1/41109975
开始处理跳转链接数据，数量: 1
处理第0个链接: https://wx.10086.cn/qwhdhub/leadin/1025072510?A_C_CODE=RfU63Xwfo8&channelId=P00000107730#/
图片[0]长度: 19363字节
执行插入跳转URL SQL (不显示完整SQL以避免日志过大)
提交事务
保存成功，返回ID: 37
2025-08-20 16:41:06 - AJAX Save QR Started
POST Data Keys: Array
(
    [0] => id
    [1] => name
    [2] => entry_domain
    [3] => landing_domain
    [4] => jump_time
    [5] => show_safe
    [6] => threshold_type
    [7] => jump_url
    [8] => threshold
    [9] => image_url
    [10] => remarks
    [11] => original_entry_domain
    [12] => original_landing_domain
    [13] => keep_original_entry
    [14] => keep_original_landing
)

处理参数: id=37
处理后基本参数: name=2, entry_domain=xtlpy.cn
跳转URL数量: 1
图片数据数量: 1
图片[0]类型: Base64, 长度: 19363字节
开始事务处理
更新模式: ID=37
原始入口域名: cqhuangjin.cn, 提交的入口域名: xtlpy.cn
原始落地域名: qthnh.cn, 提交的落地域名: qthnh.cn
使用新的入口域名: xtlpy.cn
保留原始落地域名: qthnh.cn
域名是否变更: 是 (原入口域名: cqhuangjin.cn, 新入口域名: xtlpy.cn, 原落地域名: qthnh.cn, 新落地域名: qthnh.cn)
执行SQL: UPDATE dwz_qrcode SET 
                            name = '2',
                            entry_domain = 'xtlpy.cn',
                            landing_domain = 'qthnh.cn',
                            jump_time = '3',
                            show_safe = '1',
                            threshold_type = '1',
                            infinite_loop = '0',
                            remarks = '',
                            updatetime = '2025-08-20 16:41:06'
                            WHERE id = '37' AND uid = '10040'
执行SQL: DELETE FROM dwz_qrcode_data WHERE qid = '37'
域名已变更，重新生成二维码
生成随机二级域名: hhyii
域名添加前缀和随机二级域名: http://hhyii.xtlpy.cn/L8R5Awc1/41109975
更新模式生成二维码，内容为: http://hhyii.xtlpy.cn/L8R5Awc1/41109975
开始处理跳转链接数据，数量: 1
处理第0个链接: https://wx.10086.cn/qwhdhub/leadin/1025072510?A_C_CODE=RfU63Xwfo8&channelId=P00000107730#/
图片[0]长度: 19363字节
执行插入跳转URL SQL (不显示完整SQL以避免日志过大)
提交事务
保存成功，返回ID: 37
2025-08-20 16:47:27 - AJAX Save QR Started
POST Data Keys: Array
(
    [0] => id
    [1] => name
    [2] => entry_domain
    [3] => landing_domain
    [4] => jump_time
    [5] => show_safe
    [6] => threshold_type
    [7] => jump_url
    [8] => threshold
    [9] => image_url
    [10] => remarks
    [11] => original_entry_domain
    [12] => original_landing_domain
    [13] => keep_original_entry
    [14] => keep_original_landing
)

处理参数: id=37
处理后基本参数: name=2, entry_domain=xnxmb.cn
跳转URL数量: 1
图片数据数量: 1
图片[0]类型: Base64, 长度: 18475字节
开始事务处理
更新模式: ID=37
原始入口域名: xtlpy.cn, 提交的入口域名: xnxmb.cn
原始落地域名: qthnh.cn, 提交的落地域名: qthnh.cn
使用新的入口域名: xnxmb.cn
保留原始落地域名: qthnh.cn
域名是否变更: 是 (原入口域名: xtlpy.cn, 新入口域名: xnxmb.cn, 原落地域名: qthnh.cn, 新落地域名: qthnh.cn)
执行SQL: UPDATE dwz_qrcode SET 
                            name = '2',
                            entry_domain = 'xnxmb.cn',
                            landing_domain = 'qthnh.cn',
                            jump_time = '3',
                            show_safe = '1',
                            threshold_type = '1',
                            infinite_loop = '0',
                            remarks = '',
                            updatetime = '2025-08-20 16:47:27'
                            WHERE id = '37' AND uid = '10040'
执行SQL: DELETE FROM dwz_qrcode_data WHERE qid = '37'
域名已变更，重新生成二维码
生成随机二级域名: xr8rek44
域名添加前缀和随机二级域名: http://xr8rek44.xnxmb.cn/L8R5Awc1/41109975
更新模式生成二维码，内容为: http://xr8rek44.xnxmb.cn/L8R5Awc1/41109975
开始处理跳转链接数据，数量: 1
处理第0个链接: https://wx.10086.cn/qwhdhub/leadin/1025072510?A_C_CODE=RfU63Xwfo8&channelId=P00000107730#/
图片[0]长度: 18475字节
执行插入跳转URL SQL (不显示完整SQL以避免日志过大)
提交事务
保存成功，返回ID: 37
2025-08-20 17:06:39 - AJAX Save QR Started
POST Data Keys: Array
(
    [0] => id
    [1] => name
    [2] => entry_domain
    [3] => landing_domain
    [4] => jump_time
    [5] => show_safe
    [6] => threshold_type
    [7] => jump_url
    [8] => threshold
    [9] => image_url
    [10] => remarks
    [11] => qr_code
    [12] => original_entry_domain
    [13] => original_landing_domain
    [14] => full_entry_domain
    [15] => full_landing_domain
)

处理参数: id=0
处理后基本参数: name=今天, entry_domain=0uu9w3.xnxmb.cn
跳转URL数量: 1
图片数据数量: 1
图片[0]类型: Base64, 长度: 18475字节
开始事务处理
新增模式
使用前端提供的标识符: oz)!PKyj/63111852
执行SQL: INSERT INTO dwz_qrcode (uid, name, code, entry_domain, landing_domain, jump_time, show_safe, 
                            threshold_type, infinite_loop, remarks, addtime, updatetime, state, wechat_status) 
                            VALUES ('10040', '今天', 'oz)!PKyj/63111852', '0uu9w3.xnxmb.cn', 't8nu1r8.qthnh.cn', '3', 
                            '1', '1', '0', '', '2025-08-20 17:06:39', '2025-08-20 17:06:39', 1, 1)
最终获取新插入ID: 38
生成随机二级域名: ci5iry
域名已有二级域名，添加前缀: http://0uu9w3.xnxmb.cn/qr/38
使用前端提供的完整URL生成二维码: http://0uu9w3.xnxmb.cn/qr/38
开始处理跳转链接数据，数量: 1
处理第0个链接: https://wx.10086.cn/qwhdhub/leadin/1025062458?A_C_CODE=Ui7TNJZGxP&channelId=P00000111984#/
图片[0]长度: 18475字节
执行插入跳转URL SQL (不显示完整SQL以避免日志过大)
提交事务
保存成功，返回ID: 38
2025-08-20 17:07:17 - AJAX Save QR Started
POST Data Keys: Array
(
    [0] => id
    [1] => name
    [2] => entry_domain
    [3] => landing_domain
    [4] => jump_time
    [5] => show_safe
    [6] => threshold_type
    [7] => jump_url
    [8] => threshold
    [9] => image_url
    [10] => remarks
    [11] => original_entry_domain
    [12] => original_landing_domain
    [13] => keep_original_entry
    [14] => keep_original_landing
)

处理参数: id=38
处理后基本参数: name=今天, entry_domain=0uu9w3.xnxmb.cn
跳转URL数量: 1
图片数据数量: 1
图片[0]类型: Base64, 长度: 18427字节
开始事务处理
更新模式: ID=38
原始入口域名: 0uu9w3.xnxmb.cn, 提交的入口域名: 0uu9w3.xnxmb.cn
原始落地域名: t8nu1r8.qthnh.cn, 提交的落地域名: t8nu1r8.qthnh.cn
保留原始入口域名: 0uu9w3.xnxmb.cn
保留原始落地域名: t8nu1r8.qthnh.cn
域名是否变更: 否 (原入口域名: 0uu9w3.xnxmb.cn, 新入口域名: 0uu9w3.xnxmb.cn, 原落地域名: t8nu1r8.qthnh.cn, 新落地域名: t8nu1r8.qthnh.cn)
执行SQL: UPDATE dwz_qrcode SET 
                            name = '今天',
                            entry_domain = '0uu9w3.xnxmb.cn',
                            landing_domain = 't8nu1r8.qthnh.cn',
                            jump_time = '3',
                            show_safe = '1',
                            threshold_type = '1',
                            infinite_loop = '0',
                            remarks = '',
                            updatetime = '2025-08-20 17:07:17'
                            WHERE id = '38' AND uid = '10040'
执行SQL: DELETE FROM dwz_qrcode_data WHERE qid = '38'
域名未变更，保留原有二维码
开始处理跳转链接数据，数量: 1
处理第0个链接: https://wx.10086.cn/qwhdhub/leadin/1025062458?A_C_CODE=Ui7TNJZGxP&channelId=P00000111984#/
图片[0]长度: 18427字节
执行插入跳转URL SQL (不显示完整SQL以避免日志过大)
提交事务
保存成功，返回ID: 38
2025-08-20 17:09:34 - AJAX Save QR Started
POST Data Keys: Array
(
    [0] => id
    [1] => name
    [2] => entry_domain
    [3] => landing_domain
    [4] => jump_time
    [5] => show_safe
    [6] => threshold_type
    [7] => jump_url
    [8] => threshold
    [9] => image_url
    [10] => remarks
)

处理参数: id=37
处理后基本参数: name=1, entry_domain=xnxmb.cn
跳转URL数量: 1
图片数据数量: 1
图片[0]类型: Base64, 长度: 18475字节
开始事务处理
更新模式: ID=37
错误: 权限验证失败，未找到ID=37的活码或无权限
事务出错，进行回滚: 您没有权限修改此活码
2025-08-20 17:09:45 - AJAX Save QR Started
POST Data Keys: Array
(
    [0] => id
    [1] => name
    [2] => entry_domain
    [3] => landing_domain
    [4] => jump_time
    [5] => show_safe
    [6] => threshold_type
    [7] => jump_url
    [8] => threshold
    [9] => image_url
    [10] => remarks
)

处理参数: id=37
处理后基本参数: name=1, entry_domain=xnxmb.cn
跳转URL数量: 1
图片数据数量: 1
图片[0]类型: Base64, 长度: 18427字节
开始事务处理
更新模式: ID=37
错误: 权限验证失败，未找到ID=37的活码或无权限
事务出错，进行回滚: 您没有权限修改此活码
2025-08-28 16:52:21 - AJAX Save QR Started
POST Data Keys: Array
(
    [0] => id
    [1] => name
    [2] => entry_domain
    [3] => landing_domain
    [4] => jump_time
    [5] => show_safe
    [6] => threshold_type
    [7] => infinite_loop
    [8] => jump_url
    [9] => threshold
    [10] => image_url
    [11] => remarks
    [12] => qr_code
    [13] => original_entry_domain
    [14] => original_landing_domain
    [15] => full_entry_domain
    [16] => full_landing_domain
)

错误: 积分不足 (当前积分: 0)
2025-08-28 16:52:31 - AJAX Save QR Started
POST Data Keys: Array
(
    [0] => id
    [1] => name
    [2] => entry_domain
    [3] => landing_domain
    [4] => jump_time
    [5] => show_safe
    [6] => threshold_type
    [7] => infinite_loop
    [8] => jump_url
    [9] => threshold
    [10] => image_url
    [11] => remarks
    [12] => qr_code
    [13] => original_entry_domain
    [14] => original_landing_domain
    [15] => full_entry_domain
    [16] => full_landing_domain
)

错误: 积分不足 (当前积分: 0)
2025-08-28 16:53:27 - AJAX Save QR Started
POST Data Keys: Array
(
    [0] => id
    [1] => name
    [2] => entry_domain
    [3] => landing_domain
    [4] => jump_time
    [5] => show_safe
    [6] => threshold_type
    [7] => infinite_loop
    [8] => jump_url
    [9] => threshold
    [10] => image_url
    [11] => remarks
    [12] => qr_code
    [13] => original_entry_domain
    [14] => original_landing_domain
    [15] => full_entry_domain
    [16] => full_landing_domain
)

错误: 积分不足 (当前积分: 0)
2025-09-17 19:51:34 - AJAX Save QR Started
POST Data Keys: Array
(
    [0] => id
    [1] => name
    [2] => entry_domain
    [3] => landing_domain
    [4] => jump_time
    [5] => show_safe
    [6] => threshold_type
    [7] => infinite_loop
    [8] => remarks
    [9] => qr_code
    [10] => original_entry_domain
    [11] => original_landing_domain
    [12] => full_entry_domain
    [13] => full_landing_domain
)

错误: 积分不足 (当前积分: 0)
2025-09-17 20:42:17 - AJAX Save QR Started
POST Data Keys: Array
(
    [0] => id
    [1] => name
    [2] => entry_domain
    [3] => landing_domain
    [4] => jump_time
    [5] => show_safe
    [6] => threshold_type
    [7] => jump_url
    [8] => threshold
    [9] => image_url
    [10] => remarks
    [11] => qr_code
    [12] => original_entry_domain
    [13] => original_landing_domain
    [14] => full_entry_domain
    [15] => full_landing_domain
)

处理参数: id=0
处理后基本参数: name=111, entry_domain=qwecn.tfhanjie.com.cn
跳转URL数量: 1
图片数据数量: 1
图片[0]类型: Base64, 长度: 17647字节
开始事务处理
新增模式
使用前端提供的标识符: k@gPgasQ/09929700
执行SQL: INSERT INTO dwz_qrcode (uid, name, code, entry_domain, landing_domain, jump_time, show_safe, 
                            threshold_type, infinite_loop, remarks, addtime, updatetime, state, wechat_status) 
                            VALUES ('10049', '111', 'k@gPgasQ/09929700', 'qwecn.tfhanjie.com.cn', '3iawe4s.kjasfy.cn', '0', 
                            '1', '1', '0', '', '2025-09-17 20:42:17', '2025-09-17 20:42:17', 1, 1)
最终获取新插入ID: 39
生成随机二级域名: jam5bs
域名已有二级域名，添加前缀: http://qwecn.tfhanjie.com.cn/qr/39
使用前端提供的完整URL生成二维码: http://qwecn.tfhanjie.com.cn/qr/39
开始处理跳转链接数据，数量: 1
处理第0个链接: http://www.baidu.com
图片[0]长度: 17647字节
执行插入跳转URL SQL (不显示完整SQL以避免日志过大)
提交事务
保存成功，返回ID: 39
2025-09-17 20:43:51 - AJAX Save QR Started
POST Data Keys: Array
(
    [0] => id
    [1] => name
    [2] => entry_domain
    [3] => landing_domain
    [4] => jump_time
    [5] => show_safe
    [6] => threshold_type
    [7] => infinite_loop
    [8] => jump_url
    [9] => threshold
    [10] => image_url
    [11] => remarks
    [12] => original_entry_domain
    [13] => original_landing_domain
    [14] => keep_original_entry
    [15] => keep_original_landing
)

处理参数: id=39
处理后基本参数: name=111, entry_domain=qwecn.tfhanjie.com.cn
跳转URL数量: 1
图片数据数量: 1
图片[0]类型: Base64, 长度: 17639字节
开始事务处理
更新模式: ID=39
原始入口域名: qwecn.tfhanjie.com.cn, 提交的入口域名: qwecn.tfhanjie.com.cn
原始落地域名: 3iawe4s.kjasfy.cn, 提交的落地域名: 3iawe4s.kjasfy.cn
保留原始入口域名: qwecn.tfhanjie.com.cn
保留原始落地域名: 3iawe4s.kjasfy.cn
域名是否变更: 否 (原入口域名: qwecn.tfhanjie.com.cn, 新入口域名: qwecn.tfhanjie.com.cn, 原落地域名: 3iawe4s.kjasfy.cn, 新落地域名: 3iawe4s.kjasfy.cn)
执行SQL: UPDATE dwz_qrcode SET 
                            name = '111',
                            entry_domain = 'qwecn.tfhanjie.com.cn',
                            landing_domain = '3iawe4s.kjasfy.cn',
                            jump_time = '2',
                            show_safe = '1',
                            threshold_type = '1',
                            infinite_loop = '1',
                            remarks = '',
                            updatetime = '2025-09-17 20:43:51'
                            WHERE id = '39' AND uid = '10049'
执行SQL: DELETE FROM dwz_qrcode_data WHERE qid = '39'
域名未变更，保留原有二维码
开始处理跳转链接数据，数量: 1
处理第0个链接: http://www.baidu.com
图片[0]长度: 17639字节
执行插入跳转URL SQL (不显示完整SQL以避免日志过大)
提交事务
保存成功，返回ID: 39
2025-09-17 20:44:47 - AJAX Save QR Started
POST Data Keys: Array
(
    [0] => id
    [1] => name
    [2] => entry_domain
    [3] => landing_domain
    [4] => jump_time
    [5] => show_safe
    [6] => threshold_type
    [7] => infinite_loop
    [8] => jump_url
    [9] => threshold
    [10] => image_url
    [11] => remarks
    [12] => original_entry_domain
    [13] => original_landing_domain
    [14] => keep_original_entry
    [15] => keep_original_landing
)

处理参数: id=39
处理后基本参数: name=111, entry_domain=sebgm.cn
跳转URL数量: 1
图片数据数量: 1
图片[0]类型: Base64, 长度: 17639字节
开始事务处理
更新模式: ID=39
原始入口域名: qwecn.tfhanjie.com.cn, 提交的入口域名: sebgm.cn
原始落地域名: 3iawe4s.kjasfy.cn, 提交的落地域名: 3iawe4s.kjasfy.cn
使用新的入口域名: sebgm.cn
保留原始落地域名: 3iawe4s.kjasfy.cn
域名是否变更: 是 (原入口域名: qwecn.tfhanjie.com.cn, 新入口域名: sebgm.cn, 原落地域名: 3iawe4s.kjasfy.cn, 新落地域名: 3iawe4s.kjasfy.cn)
执行SQL: UPDATE dwz_qrcode SET 
                            name = '111',
                            entry_domain = 'sebgm.cn',
                            landing_domain = '3iawe4s.kjasfy.cn',
                            jump_time = '2',
                            show_safe = '1',
                            threshold_type = '1',
                            infinite_loop = '1',
                            remarks = '',
                            updatetime = '2025-09-17 20:44:47'
                            WHERE id = '39' AND uid = '10049'
执行SQL: DELETE FROM dwz_qrcode_data WHERE qid = '39'
域名已变更，重新生成二维码
生成随机二级域名: octhmp
域名添加前缀和随机二级域名: http://octhmp.sebgm.cn/k@gPgasQ/09929700
更新模式生成二维码，内容为: http://octhmp.sebgm.cn/k@gPgasQ/09929700
开始处理跳转链接数据，数量: 1
处理第0个链接: http://www.baidu.com
图片[0]长度: 17639字节
执行插入跳转URL SQL (不显示完整SQL以避免日志过大)
提交事务
保存成功，返回ID: 39
2025-09-17 20:46:25 - AJAX Save QR Started
POST Data Keys: Array
(
    [0] => id
    [1] => name
    [2] => entry_domain
    [3] => landing_domain
    [4] => jump_time
    [5] => show_safe
    [6] => threshold_type
    [7] => infinite_loop
    [8] => jump_url
    [9] => threshold
    [10] => image_url
    [11] => remarks
    [12] => original_entry_domain
    [13] => original_landing_domain
    [14] => keep_original_entry
    [15] => keep_original_landing
)

处理参数: id=39
处理后基本参数: name=111, entry_domain=sebgm.cn
跳转URL数量: 1
图片数据数量: 1
图片[0]类型: Base64, 长度: 17643字节
开始事务处理
更新模式: ID=39
原始入口域名: sebgm.cn, 提交的入口域名: sebgm.cn
原始落地域名: 3iawe4s.kjasfy.cn, 提交的落地域名: 3iawe4s.kjasfy.cn
保留原始入口域名: sebgm.cn
保留原始落地域名: 3iawe4s.kjasfy.cn
域名是否变更: 否 (原入口域名: sebgm.cn, 新入口域名: sebgm.cn, 原落地域名: 3iawe4s.kjasfy.cn, 新落地域名: 3iawe4s.kjasfy.cn)
执行SQL: UPDATE dwz_qrcode SET 
                            name = '111',
                            entry_domain = 'sebgm.cn',
                            landing_domain = '3iawe4s.kjasfy.cn',
                            jump_time = '2',
                            show_safe = '1',
                            threshold_type = '1',
                            infinite_loop = '1',
                            remarks = '',
                            updatetime = '2025-09-17 20:46:25'
                            WHERE id = '39' AND uid = '10049'
执行SQL: DELETE FROM dwz_qrcode_data WHERE qid = '39'
域名未变更，保留原有二维码
开始处理跳转链接数据，数量: 1
处理第0个链接: http://www.douyin.com
图片[0]长度: 17643字节
执行插入跳转URL SQL (不显示完整SQL以避免日志过大)
提交事务
保存成功，返回ID: 39
2025-09-17 20:48:15 - AJAX Save QR Started
POST Data Keys: Array
(
    [0] => id
    [1] => name
    [2] => entry_domain
    [3] => landing_domain
    [4] => jump_time
    [5] => show_safe
    [6] => threshold_type
    [7] => infinite_loop
    [8] => jump_url
    [9] => threshold
    [10] => image_url
    [11] => remarks
    [12] => original_entry_domain
    [13] => original_landing_domain
    [14] => keep_original_entry
    [15] => keep_original_landing
)

处理参数: id=39
处理后基本参数: name=111, entry_domain=sebgm.cn
跳转URL数量: 1
图片数据数量: 1
开始事务处理
更新模式: ID=39
原始入口域名: sebgm.cn, 提交的入口域名: sebgm.cn
原始落地域名: 3iawe4s.kjasfy.cn, 提交的落地域名: 3iawe4s.kjasfy.cn
保留原始入口域名: sebgm.cn
保留原始落地域名: 3iawe4s.kjasfy.cn
域名是否变更: 否 (原入口域名: sebgm.cn, 新入口域名: sebgm.cn, 原落地域名: 3iawe4s.kjasfy.cn, 新落地域名: 3iawe4s.kjasfy.cn)
执行SQL: UPDATE dwz_qrcode SET 
                            name = '111',
                            entry_domain = 'sebgm.cn',
                            landing_domain = '3iawe4s.kjasfy.cn',
                            jump_time = '2',
                            show_safe = '1',
                            threshold_type = '1',
                            infinite_loop = '1',
                            remarks = '',
                            updatetime = '2025-09-17 20:48:15'
                            WHERE id = '39' AND uid = '10049'
执行SQL: DELETE FROM dwz_qrcode_data WHERE qid = '39'
域名未变更，保留原有二维码
开始处理跳转链接数据，数量: 1
处理第0个链接: http://www.baidu.com
图片[0]长度: 0字节
执行插入跳转URL SQL (不显示完整SQL以避免日志过大)
提交事务
保存成功，返回ID: 39
2025-09-17 20:50:06 - AJAX Save QR Started
POST Data Keys: Array
(
    [0] => id
    [1] => name
    [2] => entry_domain
    [3] => landing_domain
    [4] => jump_time
    [5] => show_safe
    [6] => threshold_type
    [7] => infinite_loop
    [8] => jump_url
    [9] => threshold
    [10] => image_url
    [11] => remarks
    [12] => original_entry_domain
    [13] => original_landing_domain
    [14] => keep_original_entry
    [15] => keep_original_landing
)

处理参数: id=39
处理后基本参数: name=111, entry_domain=rtcdr.cn
跳转URL数量: 1
图片数据数量: 1
开始事务处理
更新模式: ID=39
原始入口域名: sebgm.cn, 提交的入口域名: rtcdr.cn
原始落地域名: 3iawe4s.kjasfy.cn, 提交的落地域名: yinjuzi.cn
使用新的入口域名: rtcdr.cn
使用新的落地域名: yinjuzi.cn
域名是否变更: 是 (原入口域名: sebgm.cn, 新入口域名: rtcdr.cn, 原落地域名: 3iawe4s.kjasfy.cn, 新落地域名: yinjuzi.cn)
执行SQL: UPDATE dwz_qrcode SET 
                            name = '111',
                            entry_domain = 'rtcdr.cn',
                            landing_domain = 'yinjuzi.cn',
                            jump_time = '2',
                            show_safe = '1',
                            threshold_type = '1',
                            infinite_loop = '1',
                            remarks = '',
                            updatetime = '2025-09-17 20:50:06'
                            WHERE id = '39' AND uid = '10049'
执行SQL: DELETE FROM dwz_qrcode_data WHERE qid = '39'
域名已变更，重新生成二维码
生成随机二级域名: rhm8u1um
域名添加前缀和随机二级域名: http://rhm8u1um.rtcdr.cn/k@gPgasQ/09929700
更新模式生成二维码，内容为: http://rhm8u1um.rtcdr.cn/k@gPgasQ/09929700
开始处理跳转链接数据，数量: 1
处理第0个链接: http://www.baidu.com
图片[0]长度: 0字节
执行插入跳转URL SQL (不显示完整SQL以避免日志过大)
提交事务
保存成功，返回ID: 39
2025-09-17 20:53:03 - AJAX Save QR Started
POST Data Keys: Array
(
    [0] => id
    [1] => name
    [2] => entry_domain
    [3] => landing_domain
    [4] => jump_time
    [5] => show_safe
    [6] => threshold_type
    [7] => infinite_loop
    [8] => jump_url
    [9] => threshold
    [10] => image_url
    [11] => remarks
    [12] => original_entry_domain
    [13] => original_landing_domain
    [14] => keep_original_entry
    [15] => keep_original_landing
)

处理参数: id=39
处理后基本参数: name=111, entry_domain=rtcdr.cn
跳转URL数量: 1
图片数据数量: 1
开始事务处理
更新模式: ID=39
原始入口域名: rtcdr.cn, 提交的入口域名: rtcdr.cn
原始落地域名: yinjuzi.cn, 提交的落地域名: mrtbp.cn
保留原始入口域名: rtcdr.cn
使用新的落地域名: mrtbp.cn
域名是否变更: 是 (原入口域名: rtcdr.cn, 新入口域名: rtcdr.cn, 原落地域名: yinjuzi.cn, 新落地域名: mrtbp.cn)
执行SQL: UPDATE dwz_qrcode SET 
                            name = '111',
                            entry_domain = 'rtcdr.cn',
                            landing_domain = 'mrtbp.cn',
                            jump_time = '2',
                            show_safe = '1',
                            threshold_type = '1',
                            infinite_loop = '1',
                            remarks = '',
                            updatetime = '2025-09-17 20:53:03'
                            WHERE id = '39' AND uid = '10049'
执行SQL: DELETE FROM dwz_qrcode_data WHERE qid = '39'
域名已变更，重新生成二维码
生成随机二级域名: rlxjye7g
域名添加前缀和随机二级域名: http://rlxjye7g.rtcdr.cn/k@gPgasQ/09929700
更新模式生成二维码，内容为: http://rlxjye7g.rtcdr.cn/k@gPgasQ/09929700
开始处理跳转链接数据，数量: 1
处理第0个链接: http://www.baidu.com
图片[0]长度: 0字节
执行插入跳转URL SQL (不显示完整SQL以避免日志过大)
提交事务
保存成功，返回ID: 39
2025-09-22 19:45:26 - AJAX Save QR Started
POST Data Keys: Array
(
    [0] => id
    [1] => name
    [2] => entry_domain
    [3] => landing_domain
    [4] => jump_time
    [5] => show_safe
    [6] => threshold_type
    [7] => jump_url
    [8] => threshold
    [9] => image_url
    [10] => remarks
    [11] => qr_code
    [12] => original_entry_domain
    [13] => original_landing_domain
    [14] => full_entry_domain
    [15] => full_landing_domain
)

错误: 积分不足 (当前积分: 0)
2025-09-22 21:55:40 - AJAX Save QR Started
POST Data Keys: Array
(
    [0] => id
    [1] => name
    [2] => entry_domain
    [3] => landing_domain
    [4] => jump_time
    [5] => show_safe
    [6] => threshold_type
    [7] => remarks
    [8] => qr_code
    [9] => original_entry_domain
    [10] => original_landing_domain
    [11] => full_entry_domain
    [12] => full_landing_domain
)

错误: 积分不足 (当前积分: 0)
2025-10-31 20:32:47 - AJAX Save QR Started
POST Data Keys: Array
(
    [0] => id
    [1] => name
    [2] => entry_domain
    [3] => landing_domain
    [4] => jump_time
    [5] => show_safe
    [6] => threshold_type
    [7] => infinite_loop
    [8] => jump_url
    [9] => threshold
    [10] => image_url
    [11] => remarks
    [12] => qr_code
    [13] => original_entry_domain
    [14] => original_landing_domain
    [15] => full_entry_domain
    [16] => full_landing_domain
)

处理参数: id=0
处理后基本参数: name=在这里, entry_domain=4t2fc.tfhanjie.com.cn
跳转URL数量: 1
图片数据数量: 1
开始事务处理
新增模式
使用前端提供的标识符: R@KUtTA5/17686590
执行SQL: INSERT INTO dwz_qrcode (uid, name, code, entry_domain, landing_domain, jump_time, show_safe, 
                            threshold_type, infinite_loop, remarks, addtime, updatetime, state, wechat_status) 
                            VALUES ('10057', '在这里', 'R@KUtTA5/17686590', '4t2fc.tfhanjie.com.cn', '90kulj4t.kjasfy.cn', '0', 
                            '1', '2', '1', '', '2025-10-31 20:32:47', '2025-10-31 20:32:47', 1, 1)
最终获取新插入ID: 40
生成随机二级域名: 4tdrstti
域名已有二级域名，添加前缀: http://4t2fc.tfhanjie.com.cn/qr/40
使用前端提供的完整URL生成二维码: http://4t2fc.tfhanjie.com.cn/qr/40
开始处理跳转链接数据，数量: 1
处理第0个链接: http://acdfsadfssdf.top/?d=CQDpf_9p2EuW89s46g-ilWRDWrft7Wp1n7E
图片[0]长度: 0字节
执行插入跳转URL SQL (不显示完整SQL以避免日志过大)
提交事务
保存成功，返回ID: 40
2025-11-01 16:28:04 - AJAX Save QR Started
POST Data Keys: Array
(
    [0] => id
    [1] => name
    [2] => entry_domain
    [3] => landing_domain
    [4] => jump_time
    [5] => show_safe
    [6] => threshold_type
    [7] => jump_url
    [8] => threshold
    [9] => image_url
    [10] => remarks
    [11] => qr_code
    [12] => original_entry_domain
    [13] => original_landing_domain
    [14] => full_entry_domain
    [15] => full_landing_domain
)

处理参数: id=0
处理后基本参数: name=ece, entry_domain=bjrxe7vl.tyeiibu.cn
跳转URL数量: 1
图片数据数量: 1
图片[0]类型: Base64, 长度: 43419字节
开始事务处理
新增模式
使用前端提供的标识符: J4$K93I1/36027183
执行SQL: INSERT INTO dwz_qrcode (uid, name, code, entry_domain, landing_domain, jump_time, show_safe, 
                            threshold_type, infinite_loop, remarks, addtime, updatetime, state, wechat_status) 
                            VALUES ('10059', 'ece', 'J4$K93I1/36027183', 'bjrxe7vl.tyeiibu.cn', 'n0ocd.tyzvliv.cn', '0', 
                            '1', '1', '0', '', '2025-11-01 16:28:04', '2025-11-01 16:28:04', 1, 1)
最终获取新插入ID: 41
生成随机二级域名: 17mtv
域名已有二级域名，添加前缀: http://bjrxe7vl.tyeiibu.cn/qr/41
使用前端提供的完整URL生成二维码: http://bjrxe7vl.tyeiibu.cn/qr/41
开始处理跳转链接数据，数量: 1
处理第0个链接: https://material-rmall.leshaermz.com/tmp/3e89d264-b317-4241-a9df-4292c90871a7/6666/7916827652/member/1/38e49f7a6cc640cd97100a95fb6497fb-1761320809491/19a16e6c01e_e1f.html?r=cmo0&key=LUgIlpVe
图片[0]长度: 43419字节
执行插入跳转URL SQL (不显示完整SQL以避免日志过大)
提交事务
保存成功，返回ID: 41
2025-11-01 16:36:26 - AJAX Save QR Started
POST Data Keys: Array
(
    [0] => id
    [1] => name
    [2] => entry_domain
    [3] => landing_domain
    [4] => jump_time
    [5] => show_safe
    [6] => threshold_type
    [7] => jump_url
    [8] => threshold
    [9] => image_url
    [10] => remarks
    [11] => qr_code
    [12] => original_entry_domain
    [13] => original_landing_domain
    [14] => full_entry_domain
    [15] => full_landing_domain
)

处理参数: id=0
处理后基本参数: name=测试, entry_domain=lvr5txm.tfhanjie.com.cn
跳转URL数量: 1
图片数据数量: 1
开始事务处理
新增模式
使用前端提供的标识符: $4En-Z$+/50412893
执行SQL: INSERT INTO dwz_qrcode (uid, name, code, entry_domain, landing_domain, jump_time, show_safe, 
                            threshold_type, infinite_loop, remarks, addtime, updatetime, state, wechat_status) 
                            VALUES ('10057', '测试', '$4En-Z$+/50412893', 'lvr5txm.tfhanjie.com.cn', 'nq73yw4q.kjasfy.cn', '0', 
                            '1', '1', '0', '', '2025-11-01 16:36:26', '2025-11-01 16:36:26', 1, 1)
最终获取新插入ID: 42
生成随机二级域名: j95l22wj
域名已有二级域名，添加前缀: http://lvr5txm.tfhanjie.com.cn/qr/42
使用前端提供的完整URL生成二维码: http://lvr5txm.tfhanjie.com.cn/qr/42
开始处理跳转链接数据，数量: 1
处理第0个链接: https://umpemn.cn/?d=CQDpf_9p3laT9Mo__Q-ilWReW8_k0CYTm7Q
图片[0]长度: 0字节
执行插入跳转URL SQL (不显示完整SQL以避免日志过大)
提交事务
保存成功，返回ID: 42
2025-11-01 16:38:04 - AJAX Save QR Started
POST Data Keys: Array
(
    [0] => id
    [1] => name
    [2] => entry_domain
    [3] => landing_domain
    [4] => jump_time
    [5] => show_safe
    [6] => threshold_type
    [7] => jump_url
    [8] => threshold
    [9] => image_url
    [10] => remarks
    [11] => original_entry_domain
    [12] => original_landing_domain
    [13] => keep_original_entry
    [14] => keep_original_landing
)

处理参数: id=42
处理后基本参数: name=测试, entry_domain=lvr5txm.tfhanjie.com.cn
跳转URL数量: 2
图片数据数量: 2
开始事务处理
更新模式: ID=42
原始入口域名: lvr5txm.tfhanjie.com.cn, 提交的入口域名: lvr5txm.tfhanjie.com.cn
原始落地域名: nq73yw4q.kjasfy.cn, 提交的落地域名: nq73yw4q.kjasfy.cn
保留原始入口域名: lvr5txm.tfhanjie.com.cn
保留原始落地域名: nq73yw4q.kjasfy.cn
域名是否变更: 否 (原入口域名: lvr5txm.tfhanjie.com.cn, 新入口域名: lvr5txm.tfhanjie.com.cn, 原落地域名: nq73yw4q.kjasfy.cn, 新落地域名: nq73yw4q.kjasfy.cn)
执行SQL: UPDATE dwz_qrcode SET 
                            name = '测试',
                            entry_domain = 'lvr5txm.tfhanjie.com.cn',
                            landing_domain = 'nq73yw4q.kjasfy.cn',
                            jump_time = '0',
                            show_safe = '1',
                            threshold_type = '1',
                            infinite_loop = '0',
                            remarks = '',
                            updatetime = '2025-11-01 16:38:04'
                            WHERE id = '42' AND uid = '10057'
执行SQL: DELETE FROM dwz_qrcode_data WHERE qid = '42'
域名未变更，保留原有二维码
开始处理跳转链接数据，数量: 2
处理第0个链接: https://umpemn.cn/?d=CQDpf_9p3laT9Mo__Q-ilWReW8_k0CYTm7Q
图片[0]长度: 0字节
执行插入跳转URL SQL (不显示完整SQL以避免日志过大)
处理第1个链接: http://acdfsadfssdf.top/?d=CQDpf_9p2EuW89s46g-ilWRDWrft7Wp1n7E
图片[1]长度: 0字节
执行插入跳转URL SQL (不显示完整SQL以避免日志过大)
提交事务
保存成功，返回ID: 42
2025-11-01 16:41:59 - AJAX Save QR Started
POST Data Keys: Array
(
    [0] => id
    [1] => name
    [2] => entry_domain
    [3] => landing_domain
    [4] => jump_time
    [5] => show_safe
    [6] => threshold_type
    [7] => jump_url
    [8] => threshold
    [9] => image_url
    [10] => remarks
    [11] => original_entry_domain
    [12] => original_landing_domain
    [13] => keep_original_entry
    [14] => keep_original_landing
)

处理参数: id=42
处理后基本参数: name=测试, entry_domain=tyeiibu.cn
跳转URL数量: 2
图片数据数量: 2
开始事务处理
更新模式: ID=42
原始入口域名: lvr5txm.tfhanjie.com.cn, 提交的入口域名: tyeiibu.cn
原始落地域名: nq73yw4q.kjasfy.cn, 提交的落地域名: tyzvliv.cn
使用新的入口域名: tyeiibu.cn
使用新的落地域名: tyzvliv.cn
域名是否变更: 是 (原入口域名: lvr5txm.tfhanjie.com.cn, 新入口域名: tyeiibu.cn, 原落地域名: nq73yw4q.kjasfy.cn, 新落地域名: tyzvliv.cn)
执行SQL: UPDATE dwz_qrcode SET 
                            name = '测试',
                            entry_domain = 'tyeiibu.cn',
                            landing_domain = 'tyzvliv.cn',
                            jump_time = '0',
                            show_safe = '1',
                            threshold_type = '1',
                            infinite_loop = '0',
                            remarks = '',
                            updatetime = '2025-11-01 16:41:59'
                            WHERE id = '42' AND uid = '10057'
执行SQL: DELETE FROM dwz_qrcode_data WHERE qid = '42'
域名已变更，重新生成二维码
生成随机二级域名: ujxoq
域名添加前缀和随机二级域名: http://ujxoq.tyeiibu.cn/$4En-Z$+/50412893
更新模式生成二维码，内容为: http://ujxoq.tyeiibu.cn/$4En-Z$+/50412893
开始处理跳转链接数据，数量: 2
处理第0个链接: https://umpemn.cn/?d=CQDpf_9p3laT9Mo__Q-ilWReW8_k0CYTm7Q
图片[0]长度: 0字节
执行插入跳转URL SQL (不显示完整SQL以避免日志过大)
处理第1个链接: http://acdfsadfssdf.top/?d=CQDpf_9p2EuW89s46g-ilWRDWrft7Wp1n7E
图片[1]长度: 0字节
执行插入跳转URL SQL (不显示完整SQL以避免日志过大)
提交事务
保存成功，返回ID: 42
2025-11-01 16:44:05 - AJAX Save QR Started
POST Data Keys: Array
(
    [0] => id
    [1] => name
    [2] => entry_domain
    [3] => landing_domain
    [4] => jump_time
    [5] => show_safe
    [6] => threshold_type
    [7] => jump_url
    [8] => threshold
    [9] => image_url
    [10] => remarks
    [11] => original_entry_domain
    [12] => original_landing_domain
    [13] => keep_original_entry
    [14] => keep_original_landing
)

处理参数: id=42
处理后基本参数: name=测试, entry_domain=tyeiibu.cn
跳转URL数量: 2
图片数据数量: 2
开始事务处理
更新模式: ID=42
原始入口域名: tyeiibu.cn, 提交的入口域名: tyeiibu.cn
原始落地域名: tyzvliv.cn, 提交的落地域名: kjasfy.cn
保留原始入口域名: tyeiibu.cn
使用新的落地域名: kjasfy.cn
域名是否变更: 是 (原入口域名: tyeiibu.cn, 新入口域名: tyeiibu.cn, 原落地域名: tyzvliv.cn, 新落地域名: kjasfy.cn)
执行SQL: UPDATE dwz_qrcode SET 
                            name = '测试',
                            entry_domain = 'tyeiibu.cn',
                            landing_domain = 'kjasfy.cn',
                            jump_time = '0',
                            show_safe = '1',
                            threshold_type = '1',
                            infinite_loop = '0',
                            remarks = '',
                            updatetime = '2025-11-01 16:44:05'
                            WHERE id = '42' AND uid = '10057'
执行SQL: DELETE FROM dwz_qrcode_data WHERE qid = '42'
域名已变更，重新生成二维码
生成随机二级域名: uasof8u
域名添加前缀和随机二级域名: http://uasof8u.tyeiibu.cn/$4En-Z$+/50412893
更新模式生成二维码，内容为: http://uasof8u.tyeiibu.cn/$4En-Z$+/50412893
开始处理跳转链接数据，数量: 2
处理第0个链接: https://umpemn.cn/?d=CQDpf_9p3laT9Mo__Q-ilWReW8_k0CYTm7Q
图片[0]长度: 0字节
执行插入跳转URL SQL (不显示完整SQL以避免日志过大)
处理第1个链接: http://acdfsadfssdf.top/?d=CQDpf_9p2EuW89s46g-ilWRDWrft7Wp1n7E
图片[1]长度: 0字节
执行插入跳转URL SQL (不显示完整SQL以避免日志过大)
提交事务
保存成功，返回ID: 42
2025-11-01 17:04:30 - AJAX Save QR Started
POST Data Keys: Array
(
    [0] => id
    [1] => name
    [2] => entry_domain
    [3] => landing_domain
    [4] => jump_time
    [5] => show_safe
    [6] => threshold_type
    [7] => jump_url
    [8] => threshold
    [9] => image_url
    [10] => remarks
    [11] => original_entry_domain
    [12] => original_landing_domain
    [13] => keep_original_entry
    [14] => keep_original_landing
)

处理参数: id=42
处理后基本参数: name=测试, entry_domain=tyeiibu.cn
跳转URL数量: 2
图片数据数量: 2
开始事务处理
更新模式: ID=42
原始入口域名: tyeiibu.cn, 提交的入口域名: tyeiibu.cn
原始落地域名: kjasfy.cn, 提交的落地域名: kjasfy.cn
保留原始入口域名: tyeiibu.cn
保留原始落地域名: kjasfy.cn
域名是否变更: 否 (原入口域名: tyeiibu.cn, 新入口域名: tyeiibu.cn, 原落地域名: kjasfy.cn, 新落地域名: kjasfy.cn)
执行SQL: UPDATE dwz_qrcode SET 
                            name = '测试',
                            entry_domain = 'tyeiibu.cn',
                            landing_domain = 'kjasfy.cn',
                            jump_time = '2',
                            show_safe = '1',
                            threshold_type = '1',
                            infinite_loop = '0',
                            remarks = '',
                            updatetime = '2025-11-01 17:04:30'
                            WHERE id = '42' AND uid = '10057'
执行SQL: DELETE FROM dwz_qrcode_data WHERE qid = '42'
域名未变更，保留原有二维码
开始处理跳转链接数据，数量: 2
处理第0个链接: https://umpemn.cn/?d=CQDpf_9p3laT9Mo__Q-ilWReW8_k0CYTm7Q
图片[0]长度: 0字节
执行插入跳转URL SQL (不显示完整SQL以避免日志过大)
处理第1个链接: http://acdfsadfssdf.top/?d=CQDpf_9p2EuW89s46g-ilWRDWrft7Wp1n7E
图片[1]长度: 0字节
执行插入跳转URL SQL (不显示完整SQL以避免日志过大)
提交事务
保存成功，返回ID: 42
2025-11-01 17:05:06 - AJAX Save QR Started
POST Data Keys: Array
(
    [0] => id
    [1] => name
    [2] => entry_domain
    [3] => landing_domain
    [4] => jump_time
    [5] => show_safe
    [6] => threshold_type
    [7] => jump_url
    [8] => threshold
    [9] => image_url
    [10] => remarks
    [11] => original_entry_domain
    [12] => original_landing_domain
    [13] => keep_original_entry
    [14] => keep_original_landing
)

处理参数: id=42
处理后基本参数: name=测试, entry_domain=cqhuangjin.cn
跳转URL数量: 2
图片数据数量: 2
开始事务处理
更新模式: ID=42
原始入口域名: tyeiibu.cn, 提交的入口域名: cqhuangjin.cn
原始落地域名: kjasfy.cn, 提交的落地域名: kjasfy.cn
使用新的入口域名: cqhuangjin.cn
保留原始落地域名: kjasfy.cn
域名是否变更: 是 (原入口域名: tyeiibu.cn, 新入口域名: cqhuangjin.cn, 原落地域名: kjasfy.cn, 新落地域名: kjasfy.cn)
执行SQL: UPDATE dwz_qrcode SET 
                            name = '测试',
                            entry_domain = 'cqhuangjin.cn',
                            landing_domain = 'kjasfy.cn',
                            jump_time = '2',
                            show_safe = '1',
                            threshold_type = '1',
                            infinite_loop = '0',
                            remarks = '',
                            updatetime = '2025-11-01 17:05:06'
                            WHERE id = '42' AND uid = '10057'
执行SQL: DELETE FROM dwz_qrcode_data WHERE qid = '42'
域名已变更，重新生成二维码
生成随机二级域名: umwbuw8l
域名添加前缀和随机二级域名: http://umwbuw8l.cqhuangjin.cn/$4En-Z$+/50412893
更新模式生成二维码，内容为: http://umwbuw8l.cqhuangjin.cn/$4En-Z$+/50412893
开始处理跳转链接数据，数量: 2
处理第0个链接: https://umpemn.cn/?d=CQDpf_9p3laT9Mo__Q-ilWReW8_k0CYTm7Q
图片[0]长度: 0字节
执行插入跳转URL SQL (不显示完整SQL以避免日志过大)
处理第1个链接: http://acdfsadfssdf.top/?d=CQDpf_9p2EuW89s46g-ilWRDWrft7Wp1n7E
图片[1]长度: 0字节
执行插入跳转URL SQL (不显示完整SQL以避免日志过大)
提交事务
保存成功，返回ID: 42
2025-11-01 17:05:38 - AJAX Save QR Started
POST Data Keys: Array
(
    [0] => id
    [1] => name
    [2] => entry_domain
    [3] => landing_domain
    [4] => jump_time
    [5] => show_safe
    [6] => threshold_type
    [7] => jump_url
    [8] => threshold
    [9] => image_url
    [10] => remarks
    [11] => original_entry_domain
    [12] => original_landing_domain
    [13] => keep_original_entry
    [14] => keep_original_landing
)

处理参数: id=42
处理后基本参数: name=测试, entry_domain=hnchmy.cn
跳转URL数量: 2
图片数据数量: 2
开始事务处理
更新模式: ID=42
原始入口域名: cqhuangjin.cn, 提交的入口域名: hnchmy.cn
原始落地域名: kjasfy.cn, 提交的落地域名: kjasfy.cn
使用新的入口域名: hnchmy.cn
保留原始落地域名: kjasfy.cn
域名是否变更: 是 (原入口域名: cqhuangjin.cn, 新入口域名: hnchmy.cn, 原落地域名: kjasfy.cn, 新落地域名: kjasfy.cn)
执行SQL: UPDATE dwz_qrcode SET 
                            name = '测试',
                            entry_domain = 'hnchmy.cn',
                            landing_domain = 'kjasfy.cn',
                            jump_time = '2',
                            show_safe = '1',
                            threshold_type = '1',
                            infinite_loop = '0',
                            remarks = '',
                            updatetime = '2025-11-01 17:05:38'
                            WHERE id = '42' AND uid = '10057'
执行SQL: DELETE FROM dwz_qrcode_data WHERE qid = '42'
域名已变更，重新生成二维码
生成随机二级域名: u6fiz
域名添加前缀和随机二级域名: http://u6fiz.hnchmy.cn/$4En-Z$+/50412893
更新模式生成二维码，内容为: http://u6fiz.hnchmy.cn/$4En-Z$+/50412893
开始处理跳转链接数据，数量: 2
处理第0个链接: https://umpemn.cn/?d=CQDpf_9p3laT9Mo__Q-ilWReW8_k0CYTm7Q
图片[0]长度: 0字节
执行插入跳转URL SQL (不显示完整SQL以避免日志过大)
处理第1个链接: http://acdfsadfssdf.top/?d=CQDpf_9p2EuW89s46g-ilWRDWrft7Wp1n7E
图片[1]长度: 0字节
执行插入跳转URL SQL (不显示完整SQL以避免日志过大)
提交事务
保存成功，返回ID: 42
2025-11-01 17:06:25 - AJAX Save QR Started
POST Data Keys: Array
(
    [0] => id
    [1] => name
    [2] => entry_domain
    [3] => landing_domain
    [4] => jump_time
    [5] => show_safe
    [6] => threshold_type
    [7] => jump_url
    [8] => threshold
    [9] => image_url
    [10] => remarks
    [11] => original_entry_domain
    [12] => original_landing_domain
    [13] => keep_original_entry
    [14] => keep_original_landing
)

处理参数: id=42
处理后基本参数: name=测试, entry_domain=tyeiibu.cn
跳转URL数量: 2
图片数据数量: 2
开始事务处理
更新模式: ID=42
原始入口域名: hnchmy.cn, 提交的入口域名: tyeiibu.cn
原始落地域名: kjasfy.cn, 提交的落地域名: kjasfy.cn
使用新的入口域名: tyeiibu.cn
保留原始落地域名: kjasfy.cn
域名是否变更: 是 (原入口域名: hnchmy.cn, 新入口域名: tyeiibu.cn, 原落地域名: kjasfy.cn, 新落地域名: kjasfy.cn)
执行SQL: UPDATE dwz_qrcode SET 
                            name = '测试',
                            entry_domain = 'tyeiibu.cn',
                            landing_domain = 'kjasfy.cn',
                            jump_time = '2',
                            show_safe = '1',
                            threshold_type = '1',
                            infinite_loop = '0',
                            remarks = '',
                            updatetime = '2025-11-01 17:06:25'
                            WHERE id = '42' AND uid = '10057'
执行SQL: DELETE FROM dwz_qrcode_data WHERE qid = '42'
域名已变更，重新生成二维码
生成随机二级域名: dkp5ff
域名添加前缀和随机二级域名: http://dkp5ff.tyeiibu.cn/$4En-Z$+/50412893
更新模式生成二维码，内容为: http://dkp5ff.tyeiibu.cn/$4En-Z$+/50412893
开始处理跳转链接数据，数量: 2
处理第0个链接: https://umpemn.cn/?d=CQDpf_9p3laT9Mo__Q-ilWReW8_k0CYTm7Q
图片[0]长度: 0字节
执行插入跳转URL SQL (不显示完整SQL以避免日志过大)
处理第1个链接: http://acdfsadfssdf.top/?d=CQDpf_9p2EuW89s46g-ilWRDWrft7Wp1n7E
图片[1]长度: 0字节
执行插入跳转URL SQL (不显示完整SQL以避免日志过大)
提交事务
保存成功，返回ID: 42
2025-11-01 17:08:55 - AJAX Save QR Started
POST Data Keys: Array
(
    [0] => id
    [1] => name
    [2] => entry_domain
    [3] => landing_domain
    [4] => jump_time
    [5] => show_safe
    [6] => threshold_type
    [7] => jump_url
    [8] => threshold
    [9] => image_url
    [10] => remarks
    [11] => original_entry_domain
    [12] => original_landing_domain
    [13] => keep_original_entry
    [14] => keep_original_landing
)

处理参数: id=42
处理后基本参数: name=测试, entry_domain=tyeiibu.cn
跳转URL数量: 2
图片数据数量: 2
开始事务处理
更新模式: ID=42
原始入口域名: tyeiibu.cn, 提交的入口域名: tyeiibu.cn
原始落地域名: kjasfy.cn, 提交的落地域名: tyzvliv.cn
保留原始入口域名: tyeiibu.cn
使用新的落地域名: tyzvliv.cn
域名是否变更: 是 (原入口域名: tyeiibu.cn, 新入口域名: tyeiibu.cn, 原落地域名: kjasfy.cn, 新落地域名: tyzvliv.cn)
执行SQL: UPDATE dwz_qrcode SET 
                            name = '测试',
                            entry_domain = 'tyeiibu.cn',
                            landing_domain = 'tyzvliv.cn',
                            jump_time = '2',
                            show_safe = '1',
                            threshold_type = '1',
                            infinite_loop = '0',
                            remarks = '',
                            updatetime = '2025-11-01 17:08:55'
                            WHERE id = '42' AND uid = '10057'
执行SQL: DELETE FROM dwz_qrcode_data WHERE qid = '42'
域名已变更，重新生成二维码
生成随机二级域名: tzbxe82
域名添加前缀和随机二级域名: http://tzbxe82.tyeiibu.cn/$4En-Z$+/50412893
更新模式生成二维码，内容为: http://tzbxe82.tyeiibu.cn/$4En-Z$+/50412893
开始处理跳转链接数据，数量: 2
处理第0个链接: https://umpemn.cn/?d=CQDpf_9p3laT9Mo__Q-ilWReW8_k0CYTm7Q
图片[0]长度: 0字节
执行插入跳转URL SQL (不显示完整SQL以避免日志过大)
处理第1个链接: http://acdfsadfssdf.top/?d=CQDpf_9p2EuW89s46g-ilWRDWrft7Wp1n7E
图片[1]长度: 0字节
执行插入跳转URL SQL (不显示完整SQL以避免日志过大)
提交事务
保存成功，返回ID: 42
2025-11-01 17:47:05 - AJAX Save QR Started
POST Data Keys: Array
(
    [0] => id
    [1] => name
    [2] => entry_domain
    [3] => landing_domain
    [4] => jump_time
    [5] => show_safe
    [6] => threshold_type
    [7] => infinite_loop
    [8] => jump_url
    [9] => threshold
    [10] => image_url
    [11] => remarks
    [12] => qr_code
    [13] => original_entry_domain
    [14] => original_landing_domain
    [15] => full_entry_domain
    [16] => full_landing_domain
)

处理参数: id=0
处理后基本参数: name=test, entry_domain=1vbjnd.tyeiibu.cn
跳转URL数量: 1
图片数据数量: 1
图片[0]类型: Base64, 长度: 8367字节
开始事务处理
新增模式
使用前端提供的标识符: RjF$fv@D/21323178
执行SQL: INSERT INTO dwz_qrcode (uid, name, code, entry_domain, landing_domain, jump_time, show_safe, 
                            threshold_type, infinite_loop, remarks, addtime, updatetime, state, wechat_status) 
                            VALUES ('10059', 'test', 'RjF$fv@D/21323178', '1vbjnd.tyeiibu.cn', '5tracwv.tyzvliv.cn', '0', 
                            '1', '1', '1', '', '2025-11-01 17:47:05', '2025-11-01 17:47:05', 1, 1)
最终获取新插入ID: 43
生成随机二级域名: laqel
域名已有二级域名，添加前缀: http://1vbjnd.tyeiibu.cn/qr/43
使用前端提供的完整URL生成二维码: http://1vbjnd.tyeiibu.cn/qr/43
开始处理跳转链接数据，数量: 1
处理第0个链接: http://acdfsadfssdf.top/?d=CQDpf_9p2EuW89s46g-ilWRDWrft7Wp1n7E
图片[0]长度: 8367字节
执行插入跳转URL SQL (不显示完整SQL以避免日志过大)
提交事务
保存成功，返回ID: 43
2025-11-01 18:01:07 - AJAX Save QR Started
POST Data Keys: Array
(
    [0] => id
    [1] => name
    [2] => entry_domain
    [3] => landing_domain
    [4] => jump_time
    [5] => show_safe
    [6] => threshold_type
    [7] => infinite_loop
    [8] => jump_url
    [9] => threshold
    [10] => image_url
    [11] => remarks
    [12] => qr_code
    [13] => original_entry_domain
    [14] => original_landing_domain
    [15] => full_entry_domain
    [16] => full_landing_domain
)

处理参数: id=0
处理后基本参数: name=多跳转测试, entry_domain=yzt5tq4.tyeiibu.cn
跳转URL数量: 2
图片数据数量: 2
开始事务处理
新增模式
使用前端提供的标识符: kOr(se7R/67490222
执行SQL: INSERT INTO dwz_qrcode (uid, name, code, entry_domain, landing_domain, jump_time, show_safe, 
                            threshold_type, infinite_loop, remarks, addtime, updatetime, state, wechat_status) 
                            VALUES ('10059', '多跳转测试', 'kOr(se7R/67490222', 'yzt5tq4.tyeiibu.cn', 'ttcsug3.tyzvliv.cn', '2', 
                            '1', '1', '1', '', '2025-11-01 18:01:07', '2025-11-01 18:01:07', 1, 1)
最终获取新插入ID: 44
生成随机二级域名: 7bk2pmx
域名已有二级域名，添加前缀: http://yzt5tq4.tyeiibu.cn/qr/44
使用前端提供的完整URL生成二维码: http://yzt5tq4.tyeiibu.cn/qr/44
开始处理跳转链接数据，数量: 2
处理第0个链接: http://www.163.com
图片[0]长度: 0字节
执行插入跳转URL SQL (不显示完整SQL以避免日志过大)
处理第1个链接: http://www.baidu.com
图片[1]长度: 0字节
执行插入跳转URL SQL (不显示完整SQL以避免日志过大)
提交事务
保存成功，返回ID: 44
2025-11-01 21:08:26 - AJAX Save QR Started
POST Data Keys: Array
(
    [0] => id
    [1] => name
    [2] => entry_domain
    [3] => landing_domain
    [4] => jump_time
    [5] => show_safe
    [6] => threshold_type
    [7] => jump_url
    [8] => threshold
    [9] => image_url
    [10] => remarks
    [11] => qr_code
    [12] => original_entry_domain
    [13] => original_landing_domain
    [14] => full_entry_domain
    [15] => full_landing_domain
)

错误: 积分不足 (当前积分: 0)
2025-11-01 21:08:48 - AJAX Save QR Started
POST Data Keys: Array
(
    [0] => id
    [1] => name
    [2] => entry_domain
    [3] => landing_domain
    [4] => jump_time
    [5] => show_safe
    [6] => threshold_type
    [7] => jump_url
    [8] => threshold
    [9] => image_url
    [10] => remarks
    [11] => qr_code
    [12] => original_entry_domain
    [13] => original_landing_domain
    [14] => full_entry_domain
    [15] => full_landing_domain
)

处理参数: id=0
处理后基本参数: name=vfghj, entry_domain=p0yflq.tyeiibu.cn
跳转URL数量: 2
图片数据数量: 2
开始事务处理
新增模式
使用前端提供的标识符: pF4yaYY$/92243109
执行SQL: INSERT INTO dwz_qrcode (uid, name, code, entry_domain, landing_domain, jump_time, show_safe, 
                            threshold_type, infinite_loop, remarks, addtime, updatetime, state, wechat_status) 
                            VALUES ('10058', 'vfghj', 'pF4yaYY$/92243109', 'p0yflq.tyeiibu.cn', 'keswvr8m.tyzvliv.cn', '0', 
                            '1', '3', '0', '', '2025-11-01 21:08:48', '2025-11-01 21:08:48', 1, 1)
最终获取新插入ID: 45
生成随机二级域名: 87wey2
域名已有二级域名，添加前缀: http://p0yflq.tyeiibu.cn/qr/45
使用前端提供的完整URL生成二维码: http://p0yflq.tyeiibu.cn/qr/45
开始处理跳转链接数据，数量: 2
处理第0个链接: http://www.163.com
图片[0]长度: 0字节
执行插入跳转URL SQL (不显示完整SQL以避免日志过大)
处理第1个链接: http://www.baidu.com
图片[1]长度: 0字节
执行插入跳转URL SQL (不显示完整SQL以避免日志过大)
提交事务
保存成功，返回ID: 45
2025-11-01 21:21:25 - AJAX Save QR Started
POST Data Keys: Array
(
    [0] => id
    [1] => name
    [2] => entry_domain
    [3] => landing_domain
    [4] => jump_time
    [5] => show_safe
    [6] => threshold_type
    [7] => jump_url
    [8] => threshold
    [9] => image_url
    [10] => remarks
    [11] => original_entry_domain
    [12] => original_landing_domain
    [13] => keep_original_entry
    [14] => keep_original_landing
)

处理参数: id=45
处理后基本参数: name=vfghj, entry_domain=p0yflq.tyeiibu.cn
跳转URL数量: 3
图片数据数量: 3
开始事务处理
更新模式: ID=45
原始入口域名: p0yflq.tyeiibu.cn, 提交的入口域名: p0yflq.tyeiibu.cn
原始落地域名: keswvr8m.tyzvliv.cn, 提交的落地域名: keswvr8m.tyzvliv.cn
保留原始入口域名: p0yflq.tyeiibu.cn
保留原始落地域名: keswvr8m.tyzvliv.cn
域名是否变更: 否 (原入口域名: p0yflq.tyeiibu.cn, 新入口域名: p0yflq.tyeiibu.cn, 原落地域名: keswvr8m.tyzvliv.cn, 新落地域名: keswvr8m.tyzvliv.cn)
执行SQL: UPDATE dwz_qrcode SET 
                            name = 'vfghj',
                            entry_domain = 'p0yflq.tyeiibu.cn',
                            landing_domain = 'keswvr8m.tyzvliv.cn',
                            jump_time = '0',
                            show_safe = '1',
                            threshold_type = '3',
                            infinite_loop = '0',
                            remarks = '',
                            updatetime = '2025-11-01 21:21:25'
                            WHERE id = '45' AND uid = '10058'
执行SQL: DELETE FROM dwz_qrcode_data WHERE qid = '45'
域名未变更，保留原有二维码
开始处理跳转链接数据，数量: 3
处理第0个链接: http://www.163.com
图片[0]长度: 0字节
执行插入跳转URL SQL (不显示完整SQL以避免日志过大)
处理第1个链接: http://www.baidu.com
图片[1]长度: 0字节
执行插入跳转URL SQL (不显示完整SQL以避免日志过大)
处理第2个链接: https://www.ifeng.com
图片[2]长度: 0字节
执行插入跳转URL SQL (不显示完整SQL以避免日志过大)
提交事务
保存成功，返回ID: 45
2025-11-01 21:23:21 - AJAX Save QR Started
POST Data Keys: Array
(
    [0] => id
    [1] => name
    [2] => entry_domain
    [3] => landing_domain
    [4] => jump_time
    [5] => show_safe
    [6] => threshold_type
    [7] => jump_url
    [8] => threshold
    [9] => image_url
    [10] => remarks
    [11] => original_entry_domain
    [12] => original_landing_domain
    [13] => keep_original_entry
    [14] => keep_original_landing
)

处理参数: id=45
处理后基本参数: name=vfghj, entry_domain=p0yflq.tyeiibu.cn
跳转URL数量: 3
图片数据数量: 3
开始事务处理
更新模式: ID=45
原始入口域名: p0yflq.tyeiibu.cn, 提交的入口域名: p0yflq.tyeiibu.cn
原始落地域名: keswvr8m.tyzvliv.cn, 提交的落地域名: keswvr8m.tyzvliv.cn
保留原始入口域名: p0yflq.tyeiibu.cn
保留原始落地域名: keswvr8m.tyzvliv.cn
域名是否变更: 否 (原入口域名: p0yflq.tyeiibu.cn, 新入口域名: p0yflq.tyeiibu.cn, 原落地域名: keswvr8m.tyzvliv.cn, 新落地域名: keswvr8m.tyzvliv.cn)
执行SQL: UPDATE dwz_qrcode SET 
                            name = 'vfghj',
                            entry_domain = 'p0yflq.tyeiibu.cn',
                            landing_domain = 'keswvr8m.tyzvliv.cn',
                            jump_time = '0',
                            show_safe = '1',
                            threshold_type = '3',
                            infinite_loop = '0',
                            remarks = '',
                            updatetime = '2025-11-01 21:23:21'
                            WHERE id = '45' AND uid = '10058'
执行SQL: DELETE FROM dwz_qrcode_data WHERE qid = '45'
域名未变更，保留原有二维码
开始处理跳转链接数据，数量: 3
处理第0个链接: http://www.163.com
图片[0]长度: 0字节
执行插入跳转URL SQL (不显示完整SQL以避免日志过大)
处理第1个链接: http://www.baidu.com
图片[1]长度: 0字节
执行插入跳转URL SQL (不显示完整SQL以避免日志过大)
处理第2个链接: https://www.ifeng.com
图片[2]长度: 0字节
执行插入跳转URL SQL (不显示完整SQL以避免日志过大)
提交事务
保存成功，返回ID: 45
2025-11-01 21:23:43 - AJAX Save QR Started
POST Data Keys: Array
(
    [0] => id
    [1] => name
    [2] => entry_domain
    [3] => landing_domain
    [4] => jump_time
    [5] => show_safe
    [6] => threshold_type
    [7] => jump_url
    [8] => threshold
    [9] => image_url
    [10] => remarks
    [11] => original_entry_domain
    [12] => original_landing_domain
    [13] => keep_original_entry
    [14] => keep_original_landing
)

处理参数: id=45
处理后基本参数: name=vfghj, entry_domain=p0yflq.tyeiibu.cn
跳转URL数量: 3
图片数据数量: 3
开始事务处理
更新模式: ID=45
原始入口域名: p0yflq.tyeiibu.cn, 提交的入口域名: p0yflq.tyeiibu.cn
原始落地域名: keswvr8m.tyzvliv.cn, 提交的落地域名: keswvr8m.tyzvliv.cn
保留原始入口域名: p0yflq.tyeiibu.cn
保留原始落地域名: keswvr8m.tyzvliv.cn
域名是否变更: 否 (原入口域名: p0yflq.tyeiibu.cn, 新入口域名: p0yflq.tyeiibu.cn, 原落地域名: keswvr8m.tyzvliv.cn, 新落地域名: keswvr8m.tyzvliv.cn)
执行SQL: UPDATE dwz_qrcode SET 
                            name = 'vfghj',
                            entry_domain = 'p0yflq.tyeiibu.cn',
                            landing_domain = 'keswvr8m.tyzvliv.cn',
                            jump_time = '0',
                            show_safe = '1',
                            threshold_type = '3',
                            infinite_loop = '0',
                            remarks = '',
                            updatetime = '2025-11-01 21:23:43'
                            WHERE id = '45' AND uid = '10058'
执行SQL: DELETE FROM dwz_qrcode_data WHERE qid = '45'
域名未变更，保留原有二维码
开始处理跳转链接数据，数量: 3
处理第0个链接: http://www.163.com
图片[0]长度: 0字节
执行插入跳转URL SQL (不显示完整SQL以避免日志过大)
处理第1个链接: http://www.baidu.com
图片[1]长度: 0字节
执行插入跳转URL SQL (不显示完整SQL以避免日志过大)
处理第2个链接: https://www.feng.com
图片[2]长度: 0字节
执行插入跳转URL SQL (不显示完整SQL以避免日志过大)
提交事务
保存成功，返回ID: 45
2025-11-01 21:24:17 - AJAX Save QR Started
POST Data Keys: Array
(
    [0] => id
    [1] => name
    [2] => entry_domain
    [3] => landing_domain
    [4] => jump_time
    [5] => show_safe
    [6] => threshold_type
    [7] => jump_url
    [8] => threshold
    [9] => image_url
    [10] => remarks
    [11] => original_entry_domain
    [12] => original_landing_domain
    [13] => keep_original_entry
    [14] => keep_original_landing
)

处理参数: id=45
处理后基本参数: name=vfghj, entry_domain=p0yflq.tyeiibu.cn
跳转URL数量: 3
图片数据数量: 3
开始事务处理
更新模式: ID=45
原始入口域名: p0yflq.tyeiibu.cn, 提交的入口域名: p0yflq.tyeiibu.cn
原始落地域名: keswvr8m.tyzvliv.cn, 提交的落地域名: keswvr8m.tyzvliv.cn
保留原始入口域名: p0yflq.tyeiibu.cn
保留原始落地域名: keswvr8m.tyzvliv.cn
域名是否变更: 否 (原入口域名: p0yflq.tyeiibu.cn, 新入口域名: p0yflq.tyeiibu.cn, 原落地域名: keswvr8m.tyzvliv.cn, 新落地域名: keswvr8m.tyzvliv.cn)
执行SQL: UPDATE dwz_qrcode SET 
                            name = 'vfghj',
                            entry_domain = 'p0yflq.tyeiibu.cn',
                            landing_domain = 'keswvr8m.tyzvliv.cn',
                            jump_time = '5',
                            show_safe = '1',
                            threshold_type = '3',
                            infinite_loop = '0',
                            remarks = '',
                            updatetime = '2025-11-01 21:24:17'
                            WHERE id = '45' AND uid = '10058'
执行SQL: DELETE FROM dwz_qrcode_data WHERE qid = '45'
域名未变更，保留原有二维码
开始处理跳转链接数据，数量: 3
处理第0个链接: http://www.163.com
图片[0]长度: 0字节
执行插入跳转URL SQL (不显示完整SQL以避免日志过大)
处理第1个链接: http://www.baidu.com
图片[1]长度: 0字节
执行插入跳转URL SQL (不显示完整SQL以避免日志过大)
处理第2个链接: https://www.feng.com
图片[2]长度: 0字节
执行插入跳转URL SQL (不显示完整SQL以避免日志过大)
提交事务
保存成功，返回ID: 45
2025-11-04 16:39:24 - AJAX Save QR Started
POST Data Keys: Array
(
    [0] => id
    [1] => name
    [2] => entry_domain
    [3] => landing_domain
    [4] => jump_time
    [5] => show_safe
    [6] => threshold_type
    [7] => jump_url
    [8] => threshold
    [9] => image_url
    [10] => remarks
    [11] => original_entry_domain
    [12] => original_landing_domain
    [13] => keep_original_entry
    [14] => keep_original_landing
)

处理参数: id=45
处理后基本参数: name=vfghj, entry_domain=p0yflq.tyeiibu.cn
跳转URL数量: 3
图片数据数量: 3
开始事务处理
更新模式: ID=45
原始入口域名: p0yflq.tyeiibu.cn, 提交的入口域名: p0yflq.tyeiibu.cn
原始落地域名: keswvr8m.tyzvliv.cn, 提交的落地域名: keswvr8m.tyzvliv.cn
保留原始入口域名: p0yflq.tyeiibu.cn
保留原始落地域名: keswvr8m.tyzvliv.cn
域名是否变更: 否 (原入口域名: p0yflq.tyeiibu.cn, 新入口域名: p0yflq.tyeiibu.cn, 原落地域名: keswvr8m.tyzvliv.cn, 新落地域名: keswvr8m.tyzvliv.cn)
执行SQL: UPDATE dwz_qrcode SET 
                            name = 'vfghj',
                            entry_domain = 'p0yflq.tyeiibu.cn',
                            landing_domain = 'keswvr8m.tyzvliv.cn',
                            jump_time = '0',
                            show_safe = '1',
                            threshold_type = '3',
                            infinite_loop = '0',
                            remarks = '',
                            updatetime = '2025-11-04 16:39:24'
                            WHERE id = '45' AND uid = '10058'
执行SQL: DELETE FROM dwz_qrcode_data WHERE qid = '45'
域名未变更，保留原有二维码
开始处理跳转链接数据，数量: 3
处理第0个链接: http://www.163.com
图片[0]长度: 0字节
执行插入跳转URL SQL (不显示完整SQL以避免日志过大)
处理第1个链接: http://www.baidu.com
图片[1]长度: 0字节
执行插入跳转URL SQL (不显示完整SQL以避免日志过大)
处理第2个链接: https://www.feng.com
图片[2]长度: 0字节
执行插入跳转URL SQL (不显示完整SQL以避免日志过大)
提交事务
保存成功，返回ID: 45
2025-11-04 16:40:01 - AJAX Save QR Started
POST Data Keys: Array
(
    [0] => id
    [1] => name
    [2] => entry_domain
    [3] => landing_domain
    [4] => jump_time
    [5] => show_safe
    [6] => threshold_type
    [7] => jump_url
    [8] => threshold
    [9] => image_url
    [10] => remarks
    [11] => original_entry_domain
    [12] => original_landing_domain
    [13] => keep_original_entry
    [14] => keep_original_landing
)

处理参数: id=45
处理后基本参数: name=vfghj, entry_domain=p0yflq.tyeiibu.cn
跳转URL数量: 3
图片数据数量: 3
开始事务处理
更新模式: ID=45
原始入口域名: p0yflq.tyeiibu.cn, 提交的入口域名: p0yflq.tyeiibu.cn
原始落地域名: keswvr8m.tyzvliv.cn, 提交的落地域名: keswvr8m.tyzvliv.cn
保留原始入口域名: p0yflq.tyeiibu.cn
保留原始落地域名: keswvr8m.tyzvliv.cn
域名是否变更: 否 (原入口域名: p0yflq.tyeiibu.cn, 新入口域名: p0yflq.tyeiibu.cn, 原落地域名: keswvr8m.tyzvliv.cn, 新落地域名: keswvr8m.tyzvliv.cn)
执行SQL: UPDATE dwz_qrcode SET 
                            name = 'vfghj',
                            entry_domain = 'p0yflq.tyeiibu.cn',
                            landing_domain = 'keswvr8m.tyzvliv.cn',
                            jump_time = '0',
                            show_safe = '1',
                            threshold_type = '1',
                            infinite_loop = '0',
                            remarks = '',
                            updatetime = '2025-11-04 16:40:01'
                            WHERE id = '45' AND uid = '10058'
执行SQL: DELETE FROM dwz_qrcode_data WHERE qid = '45'
域名未变更，保留原有二维码
开始处理跳转链接数据，数量: 3
处理第0个链接: http://www.163.com
图片[0]长度: 0字节
执行插入跳转URL SQL (不显示完整SQL以避免日志过大)
处理第1个链接: http://www.baidu.com
图片[1]长度: 0字节
执行插入跳转URL SQL (不显示完整SQL以避免日志过大)
处理第2个链接: https://www.feng.com
图片[2]长度: 0字节
执行插入跳转URL SQL (不显示完整SQL以避免日志过大)
提交事务
保存成功，返回ID: 45
2025-11-04 16:40:34 - AJAX Save QR Started
POST Data Keys: Array
(
    [0] => id
    [1] => name
    [2] => entry_domain
    [3] => landing_domain
    [4] => jump_time
    [5] => show_safe
    [6] => threshold_type
    [7] => jump_url
    [8] => threshold
    [9] => image_url
    [10] => remarks
    [11] => original_entry_domain
    [12] => original_landing_domain
    [13] => keep_original_entry
    [14] => keep_original_landing
)

处理参数: id=45
处理后基本参数: name=vfghj, entry_domain=tfhanjie.com.cn
跳转URL数量: 3
图片数据数量: 3
开始事务处理
更新模式: ID=45
原始入口域名: p0yflq.tyeiibu.cn, 提交的入口域名: tfhanjie.com.cn
原始落地域名: keswvr8m.tyzvliv.cn, 提交的落地域名: kjasfy.cn
使用新的入口域名: tfhanjie.com.cn
使用新的落地域名: kjasfy.cn
域名是否变更: 是 (原入口域名: p0yflq.tyeiibu.cn, 新入口域名: tfhanjie.com.cn, 原落地域名: keswvr8m.tyzvliv.cn, 新落地域名: kjasfy.cn)
执行SQL: UPDATE dwz_qrcode SET 
                            name = 'vfghj',
                            entry_domain = 'tfhanjie.com.cn',
                            landing_domain = 'kjasfy.cn',
                            jump_time = '0',
                            show_safe = '1',
                            threshold_type = '1',
                            infinite_loop = '0',
                            remarks = '',
                            updatetime = '2025-11-04 16:40:34'
                            WHERE id = '45' AND uid = '10058'
执行SQL: DELETE FROM dwz_qrcode_data WHERE qid = '45'
域名已变更，重新生成二维码
域名添加前缀: http://tfhanjie.com.cn/pF4yaYY$/92243109
更新模式生成二维码，内容为: http://tfhanjie.com.cn/pF4yaYY$/92243109
开始处理跳转链接数据，数量: 3
处理第0个链接: http://www.163.com
图片[0]长度: 0字节
执行插入跳转URL SQL (不显示完整SQL以避免日志过大)
处理第1个链接: http://www.baidu.com
图片[1]长度: 0字节
执行插入跳转URL SQL (不显示完整SQL以避免日志过大)
处理第2个链接: https://www.feng.com
图片[2]长度: 0字节
执行插入跳转URL SQL (不显示完整SQL以避免日志过大)
提交事务
保存成功，返回ID: 45
2025-11-04 16:45:18 - AJAX Save QR Started
POST Data Keys: Array
(
    [0] => id
    [1] => name
    [2] => entry_domain
    [3] => landing_domain
    [4] => jump_time
    [5] => show_safe
    [6] => threshold_type
    [7] => remarks
    [8] => qr_code
    [9] => original_entry_domain
    [10] => original_landing_domain
    [11] => full_entry_domain
    [12] => full_landing_domain
)

处理参数: id=0
错误: 跳转地址为空
2025-11-04 16:45:24 - AJAX Save QR Started
POST Data Keys: Array
(
    [0] => id
    [1] => name
    [2] => entry_domain
    [3] => landing_domain
    [4] => jump_time
    [5] => show_safe
    [6] => threshold_type
    [7] => jump_url
    [8] => threshold
    [9] => image_url
    [10] => remarks
    [11] => qr_code
    [12] => original_entry_domain
    [13] => original_landing_domain
    [14] => full_entry_domain
    [15] => full_landing_domain
)

处理参数: id=0
处理后基本参数: name=vfghj, entry_domain=4d3t50.tfhanjie.com.cn
跳转URL数量: 1
图片数据数量: 1
开始事务处理
新增模式
使用前端提供的标识符: RJ&hVjPz/66376682
执行SQL: INSERT INTO dwz_qrcode (uid, name, code, entry_domain, landing_domain, jump_time, show_safe, 
                            threshold_type, infinite_loop, remarks, addtime, updatetime, state, wechat_status) 
                            VALUES ('10058', 'vfghj', 'RJ&hVjPz/66376682', '4d3t50.tfhanjie.com.cn', 'b4hkdx.jnlwhss.cn', '0', 
                            '1', '1', '0', '', '2025-11-04 16:45:24', '2025-11-04 16:45:24', 1, 1)
最终获取新插入ID: 46
生成随机二级域名: 2eamq4y
域名已有二级域名，添加前缀: http://4d3t50.tfhanjie.com.cn/qr/46
使用前端提供的完整URL生成二维码: http://4d3t50.tfhanjie.com.cn/qr/46
开始处理跳转链接数据，数量: 1
处理第0个链接: http://www.163.com
图片[0]长度: 0字节
执行插入跳转URL SQL (不显示完整SQL以避免日志过大)
提交事务
保存成功，返回ID: 46
2025-11-04 17:21:02 - AJAX Save QR Started
POST Data Keys: Array
(
    [0] => id
    [1] => name
    [2] => entry_domain
    [3] => landing_domain
    [4] => jump_time
    [5] => show_safe
    [6] => threshold_type
    [7] => jump_url
    [8] => threshold
    [9] => image_url
    [10] => remarks
    [11] => original_entry_domain
    [12] => original_landing_domain
    [13] => keep_original_entry
    [14] => keep_original_landing
)

处理参数: id=45
处理后基本参数: name=vfghj, entry_domain=tfhanjie.com.cn
跳转URL数量: 3
图片数据数量: 3
图片[0]类型: Base64, 长度: 15551字节
图片[1]类型: Base64, 长度: 18483字节
开始事务处理
更新模式: ID=45
原始入口域名: tfhanjie.com.cn, 提交的入口域名: tfhanjie.com.cn
原始落地域名: kjasfy.cn, 提交的落地域名: kjasfy.cn
保留原始入口域名: tfhanjie.com.cn
保留原始落地域名: kjasfy.cn
域名是否变更: 否 (原入口域名: tfhanjie.com.cn, 新入口域名: tfhanjie.com.cn, 原落地域名: kjasfy.cn, 新落地域名: kjasfy.cn)
执行SQL: UPDATE dwz_qrcode SET 
                            name = 'vfghj',
                            entry_domain = 'tfhanjie.com.cn',
                            landing_domain = 'kjasfy.cn',
                            jump_time = '0',
                            show_safe = '1',
                            threshold_type = '1',
                            infinite_loop = '0',
                            remarks = '',
                            updatetime = '2025-11-04 17:21:02'
                            WHERE id = '45' AND uid = '10058'
执行SQL: DELETE FROM dwz_qrcode_data WHERE qid = '45'
域名未变更，保留原有二维码
开始处理跳转链接数据，数量: 3
处理第0个链接: http://www.163.com
图片[0]长度: 15551字节
执行插入跳转URL SQL (不显示完整SQL以避免日志过大)
处理第1个链接: http://www.baidu.com
图片[1]长度: 18483字节
执行插入跳转URL SQL (不显示完整SQL以避免日志过大)
处理第2个链接: https://www.feng.com
图片[2]长度: 0字节
执行插入跳转URL SQL (不显示完整SQL以避免日志过大)
提交事务
保存成功，返回ID: 45
2025-11-12 14:20:22 - AJAX Save QR Started
POST Data Keys: Array
(
    [0] => id
    [1] => name
    [2] => entry_domain
    [3] => landing_domain
    [4] => jump_time
    [5] => show_safe
    [6] => threshold_type
    [7] => jump_url
    [8] => threshold
    [9] => image_url
    [10] => remarks
    [11] => original_entry_domain
    [12] => original_landing_domain
    [13] => keep_original_entry
    [14] => keep_original_landing
)

处理参数: id=46
处理后基本参数: name=vfghj, entry_domain=tfhanjie.com.cn
跳转URL数量: 1
图片数据数量: 1
开始事务处理
更新模式: ID=46
原始入口域名: 4d3t50.tfhanjie.com.cn, 提交的入口域名: tfhanjie.com.cn
原始落地域名: b4hkdx.jnlwhss.cn, 提交的落地域名: yinjuzi.cn
使用新的入口域名: tfhanjie.com.cn
使用新的落地域名: yinjuzi.cn
域名是否变更: 是 (原入口域名: 4d3t50.tfhanjie.com.cn, 新入口域名: tfhanjie.com.cn, 原落地域名: b4hkdx.jnlwhss.cn, 新落地域名: yinjuzi.cn)
执行SQL: UPDATE dwz_qrcode SET 
                            name = 'vfghj',
                            entry_domain = 'tfhanjie.com.cn',
                            landing_domain = 'yinjuzi.cn',
                            jump_time = '0',
                            show_safe = '1',
                            threshold_type = '1',
                            infinite_loop = '0',
                            remarks = '',
                            updatetime = '2025-11-12 14:20:22'
                            WHERE id = '46' AND uid = '10058'
执行SQL: DELETE FROM dwz_qrcode_data WHERE qid = '46'
域名已变更，重新生成二维码
域名添加前缀: http://tfhanjie.com.cn/RJ&hVjPz/66376682
更新模式生成二维码，内容为: http://tfhanjie.com.cn/RJ&hVjPz/66376682
开始处理跳转链接数据，数量: 1
处理第0个链接: http://www.163.com
图片[0]长度: 0字节
执行插入跳转URL SQL (不显示完整SQL以避免日志过大)
提交事务
保存成功，返回ID: 46
